category,word,pol
0,다양/NNG_가까이/NNG_신세계백화점/NNP,1
2,먹을거리/NNG_구경거리/NNG_다양/NNG,1
7,신세계백화점/NNP_지하/NNG_이어지/VA,1
0,브랜드/NNG_먹자골목/NNG_공존/NNG,1
2,여러가지/NNG_길거리/NNG_음식/NNG,1
2,다양/NNG_즐길거리/NNG_먹거리/NNG,1
7,대중교통/NNG_접근성/NNG_떨어지/VV,-1
7,여행자/NNG_필요/NNG_대중교통/NNG,1
7,여행자/NNG_핵심/NNG_교통수단/NNG,1
7,대중교통/NNG_가/VV_쉽/VA_않/VX,-1
7,차/NNG_없이/MAG_가/VV_힘들/VA,-1
14,여기저기/NNG_사진/NNG_포인트/NNG,1
0,기념품/NNG_주전부리/NNG_다양/XR,1
2,레스토랑/NNG_가게/NNG_다양/NNG,1
2,먹거리/NNG_즐길거리/NNG_넘치/VV,1
2,먹거리/NNG_즐길거리/NNG_풍성/XR,1
6,식당가/NNG_양아치/NNG_기질/NNG,-1
6,주인집/NNG_아들/NNG_쓰레기/NNG,-1
6,마인드/NNG_쓰레기/NNG_사장/NNG,-1
7,대중교통/NNG_연계/NNG_이용/NNG,1
7,대중교통/NNG_이용/NNG_편리/NNG,1
7,대중교통/NNG_접근/NNG_가능/NNG,1
7,주변/NNG_신세계/NNG_백화점/NNG,1
7,시장/NNG_깡통시장/NNG_이어지/VA,1
7,지하철/NNG_가까이/MAG_연결/NNG,1
7,신세계백화점/NNP_길/NNG_건너/VV,1
7,부산/NNP_구석구석/NNG_이어지/VA,1
7,지하철역/NNG_이동시/NNG_복잡/XR,-1
7,대중교통/NNG_이용/NNG_가능/NNG,1
7,고속버스/NNG_터미널/NNG_가깝/VA,1
7,관광지/NNG_지하철/NNG_연결/NNG,1
7,국제시장/NNP_근처/NNG_위치/NNG,1
7,부산역/NNP_바로/MAG_맞은편/NNG,1
7,대중교통/NNG_이용/NNG_불편/NNG,-1
7,부산역/NNG_바로/MAG_맞은편/NNG,1
8,주차장/NNG_관리자/NNG_최악/NNG,-1
8,주차장/NNG_문제/NNG_어려움/NNG,-1
8,공영주차장/NNG_가깝/VA_위치/NNG,1
8,아랫동네/NNG_주차/NNG_걸어가/VV,-1
9,여기저기/NNG_휴식/NNG_공간/NNG,1
10,화장실/NNG_부대시설/NNG_깨끗/XR,1
14,여기저기/NNG_포토/NNG_스팟/NNG,1
0,불편/NNG_생각/NNG_볼거리/NNG,-1
0,많/VA_이것저것/NNG_기념품/NNG,1
0,해외/NNG_브랜드/NNG_입점/NNG,1
0,쇼핑/NNG_먹거리/NNG_천국/NNG,1
0,신나/VV_이것저것/NNG_시장/NNG,1
0,다양/NNG_벽화/NNG_예술품/NNG,1
0,다양/XR_먹거리/NNG_볼거리/NNG,1
1,까페/NNG_샌드위치/NNG_맛있/VA,1
1,좋아하/VV_포장마차/NNG_맛/NNG,1
1,호떡/NNG_유명세/NNG_별로/MAG,-1
1,특별/NNG_녹두/NNG_빈대떡/NNG,1
1,먹거리/NNG_기대/NNG_이하/NNG,-1
2,천국/NNG_길거리/NNG_음식/NNG,1
2,구경/NNG_재미있/VA_해산물/NNG,1
2,음식점/NNG_숙박업소/NNG_많/VA,1
2,각종/NNG_길거리/NNG_음식/NNG,1
2,먹거리/NNG_즐길거리/NNG_있/VA,1
2,다양/NNG_길거리/NNG_음식/NNG,1
2,먹거리/NNG_군데군데/NNG_팔/VV,1
2,주위/NNG_아기자기/XR_카페/NNG,1
2,다양/XR_놀거리/NNG_먹거리/NNG,1
2,먹거리/NNG_곳곳/NNG_많이/MAG,1
2,먹거리/NNG_음식/NNG_가득/MAG,1
3,가격/NNG_설정/NNG_엉터리/NNG,-1
3,가성비/NNG_대비/NNG_추천/NNG,1
4,무료/NNG_대부분/NNG_커피/NNG,1
4,바가지/NNG_씌우/VV_떡볶이/NNG,-1
4,저렴/XR_아니/VCN_돼지고기/NNG,-1
4,합리/NNG_가격/NNG_먹거리/NNG,1
4,음식점/NNG_가격/NNG_창렬/NNP,-1
5,저렴/XR_유니크/NNG_아이템/NNG,1
6,비/XPN_호감/NNG_큐레이터/NNG,-1
6,아들/NNG_완전/NNG_쓰레기/NNG,-1
7,단시간/NNG_이동/NNG_가능/NNG,1
7,대중교통/NNG_방문/NNG_괜찮/VA,1
7,대중교통/NNG_여행/NNG_편하/VA,1
7,대중교통/NNG_움직이/VV_힘들/VA,-1
7,대중교통/NNG_접근/NNG_어렵/VA,-1
7,대중교통/NNG_접근/NNG_용이/XR,1
7,대중교통/NNG_찾아가/VV_힘들/VA,-1
7,시외버스/NNG_터미널/NNG_있/VV,1
7,여행/NNG_지하철/NNG_편리/NNG,1
7,지하철/NNG_이용/NNG_가능/NNG,1
7,지하철/NNG_이용/NNG_추천/NNG,1
7,지하철역/NNG_이동/NNG_복잡/XR,-1
7,지하도/NNG_이동/NNG_가능/NNG,1
7,명소/NNG_구석구석/NNG_다니/VV,1
7,주변/NNG_세계/NNG_백화점/NNG,1
7,지하철/NNG_바로/MAG_연결/NNG,1
7,광안리/NNP_해변/NNG_가까워/VV,1
7,신세계/NNG_백화점/NNG_가깝/VA,1
7,관광/NNG_지하철/NNG_활용/NNG,1
7,다니/VV_대중교통/NNG_편리/NNG,1
7,자갈치역/NNP_내리/VV_바로/MAG,1
7,바로/MAG_버스/NNG_정류장/NNG,1
7,정류장/NNG_바로/MAG_인접/NNG,1
7,명소/NNG_지하철/NNG_연결/NNG,1
7,지하철/NNG_갈아타/VV_심플/NNP,1
7,지하철/NNG_이동/NNG_가능/NNG,1
7,대중교통/NNG_이용/NNG_힘들/VA,1
7,대중교통/NNG_이용/NNG_편하/VA,1
7,대중교통/NNG_이용/NNG_힘들/VA,-1
7,대중교통/NNG_다니/VV_편리/NNG,1
7,지하철/NNG_시간표/NNG_맞추/VV,1
7,중심지/NNG_생각/NNG_멀리/MAG,-1
8,주차/NNG_징수/NNG_아쉬움/NNG,-1
8,주차장/NNG_비교/NNG_여유/NNG,1
8,주차장/NNG_해변/NNG_편리/NNG,1
9,인근/NNG_매점/NNG_편의점/NNG,1
9,도심/NNG_휴식처/NNG_세계/NNG,1
9,공원/NNG_시민/NNG_휴식처/NNG,1
9,관광객/NNG_편의/NNG_시설/NNG,1
9,방문/NNG_최고/NNG_휴식처/NNG,1
9,유아/NNG_휴게실/NNG_운영/NNG,1
10,화장실/NNG_관리/NNG_개판/NNG,-1
10,지나치/VA_상업/NNG_화장실/NNG,-1
10,상업/NNG_화장실/NNG_냄새나/VV,-1
12,안전/NNG_손잡이/NNG_설치/NNG,1
14,분위기/NNG_장난/NNG_아니/VCN,1
14,가족/NNG_나들이/NNG_적격/NNG,1
14,부모/NNG_데이트/NNG_코스/NNG,1
14,산책로/NNG_벤치/NNG_마련/NNG,1
14,조경수/NNP_배치/NNG_산책/NNG,1
14,가족/NNG_나들이/NNG_추천/NNG,1
0,살거리/NNG_먹거리/NNG_있/VA,1
0,쇼핑/NNG_먹거리/NNG_굿/NNG,1
0,고급/NNG_물건/NNG_아니/VCN,-1
0,상점/NNG_마을/NNG_곳곳/NNG,1
0,아쉽/VA_시내/NNG_면세점/NNG,-1
0,백화점/NNG_안/NNG_다양/NNG,1
1,카페/NNG_분위기/NNG_괜찮/VA,1
1,커피숍/NNG_분위기/NNG_좋/VA,1
1,맛/NNG_부산/NNP_대명사/NNG,1
1,해산물/NNG_마련/NNG_신선/XR,1
1,해산물/NNG_맛보/VV_만족/NNG,1
1,부산/NNP_명물/NNG_씨앗/NNG,1
1,좋/VA_길거리/NNG_음식점/NNG,1
1,푸드/NNG_코드/NNG_만족/NNG,1
1,호떡/NNG_기대/NNG_이하/NNG,-1
1,맛/NNG_서비스/NNG_안습/NNG,-1
1,먹거리/NNG_기대/NNG_안/MAG,-1
1,맛있/VA_길거리/NNG_음식/NNG,1
1,음식/NNG_미각/NNG_자극/NNG,1
2,많/VA_돼지국밥/NNP_맛집/NNG,1
2,맛집/NNG_카페/NNG_거리/NNG,1
2,많/VA_예전/NNG_레스토랑/NNG,1
2,수많/VA_노점/NNG_음식점/NNG,1
2,포장마차/NNG_가게/NNG_많/VA,1
2,다양/XR_길거리/NNG_음식/NNG,1
2,식당/NNG_종류/NNG_늘어나/VV,1
2,다양/NNG_풍부/XR_먹거리/NNG,1
2,다양/XR_메뉴/NNG_먹거리/NNG,1
2,다양/NNG_맛있/VA_음식점/NNG,1
2,다양/XR_종류/NNG_음식점/NNG,1
2,먹거리/NNG_술집/NNG_다양/XR,1
2,푸드/NNG_코트/NNG_다양/NNG,1
2,먹거리/NNG_포차/NNG_즐비/XR,1
2,음식점/NNG_쇼핑몰/NNG_많/VA,1
2,다양/XR_상점/NNG_먹거리/NNG,1
2,식당/NNG_카페/NNG_가득/MAG,1
2,레스토랑/NNG_카페/NNG_있/VA,1
2,먹거리/NNG_술집/NNG_즐비/XR,1
2,길거리/NNG_음식/NNG_즐기/VV,1
2,분식/NNG_거리/NNG_가득/MAG,1
2,안주/NNG_거리/NNG_별로/MAG,-1
2,음식점/NNG_줄줄이/MAG_있/VV,1
2,먹거리/NNG_메리트/NNG_없/VA,-1
2,음식점/NNG_많이/MAG_생기/VV,1
2,군데군데/NNG_카페/NNG_있/VA,1
2,음식/NNG_종류/NNG_다양/NNG,1
2,까페/NNG_많이/MAG_오픈/NNG,1
2,해산물/NNG_다채/XR_판매/NNG,1
2,여러/MM_길거리/NNG_음식/NNG,1
2,먹을만/NNG_곳/NNG_별로/MAG,-1
3,좋/VA_지하상가/NNG_가격/NNG,1
3,좋/VA_성수기/NNG_숙박비/NNG,1
3,가격/NNG_대비/NNG_만족/NNG,1
3,가성비/NNG_대비/NNG_굿/NNG,1
3,할인/NNG_카드/NNG_적용/NNG,1
4,가격/NNG_합리/NNG_음식/NNG,1
4,먹거리/NNG_가격/NNG_저렴/XR,1
4,가격/NNG_불만/NNG_음식/NNG,-1
4,무료/NNG_요즘/NNG_커피/NNG,1
4,식음료/NNG_가격/NNG_비싸/VA,-1
4,합리/NNG_가격/NNG_식당/NNG,1
4,음식점/NNG_여전/NNG_비싸/VA,-1
4,먹/VV_때/NNG_바가지요금/NNG,-1
4,음식점/NNG_거리/NNG_저렴/XR,1
4,중국집/NNG_가격/NNG_비싸/VA,-1
4,생선/NNG_정가/NNG_판매/NNG,1
4,렴/NNG_길거리/NNG_음식/NNG,1
5,소품/NNG_가격/NNG_만만찮/VA,-1
6,안내/NNG_여자/NNG_별로/MAG,-1
6,지나치/VA_친절/NNG_부담/NNG,-1
6,직원/NNG_일반/NNG_친절/NNG,1
6,직원/NNG_유쾌/NNG_친절/NNG,1
6,가게/NNG_사람/NNG_친절/NNG,1
7,부산역/NNP_가까이/MAG_있/VV,1
7,남포/NNG_시장/NNG_가까워/VV,1
7,다리/NNG_시간/NNG_단축/NNG,1
7,대중교통/NNG_가/VV_멉니다/VA,-1
7,대중교통/NNG_가/VV_불편/NNG,-1
7,대중교통/NNG_이동/NNG_쉽/VA,1
7,도로/NNG_이용/NNG_추천/NNG,1
7,도시/NNG_연결/NNG_전철/NNG,1
7,많/VA_시티투어/NNP_버스/NNG,1
7,명소/NNG_지하철역/NNG_있/VV,1
7,방문/NNG_위치/NNG_유리/NNG,1
7,버스/NNG_운행/NNG_편리/NNG,1
7,버스/NNG_이동/NNG_가능/NNG,1
7,버스/NNG_이용/NNG_추천/NNG,1
7,부산/NNP_각지/NNG_연결/NNG,1
7,불편/NNG_택시/NNG_이용/NNG,-1
7,시내/NNG_근처/NNG_위치/NNG,1
7,운행/NNG_이용/NNG_편리/NNG,1
7,위치/NNG_교통/NNG_요지/NNG,1
7,접근/NNG_거리/NNG_멉니다/VA,-1
7,접근/NNG_위치/NNG_편리/NNG,1
7,접근성/NNG_면/NNG_떨어지/VV,-1
7,좋/VA_공항버스/NNG_이용/NNG,1
7,지하철/NNG_역과/NNG_가깝/VA,1
7,지하철/NNG_잘/MAG_연계/NNG,1
7,지하철/NNG_접근/NNG_용이/XR,1
7,힘들/VA_마땅/XR_대중교통/NNG,-1
7,지하철/NNG_시간표/NNG_좋/VA,1
7,도로/NNG_정비/NNG_편리/NNG,1
7,노선/NNG_확충/NNG_필요/NNG,-1
7,운전/NNG_완전/NNG_조심/NNG,-1
7,도보/NNG_이동/NNG_가능/NNG,1
7,시장/NNG_길/NNG_건너편/NNG,1
7,고속도로/NNP_타/VV_바로/MAG,1
7,로터리/NNG_생각/NNG_복잡/XR,-1
7,이동/NNG_시간/NNG_소요/NNG,-1
7,지하철/NNG_이용/NNG_저렴/XR,1
7,지하철역/NNG_바로/MAG_가/VV,1
7,지하철/NNG_내리/VV_바로/MAG,1
7,근처/NNG_센텀/NNP_시티/NNG,1
7,시내/NNG_멀리/MAG_떨어지/VV,-1
7,남포동/NNP_바로/MAG_옆/NNG,1
7,자가용/NNG_방문/NNG_삼가/VV,-1
7,해운대/NNG_비교/NNG_가깝/VA,1
7,용두산/NNP_공원/NNG_가깝/VA,1
7,지하철역/NNG_걷/VV_금방/MAG,1
7,부산역/NNP_바로/MAG_옆/NNG,1
7,마을버스/NNG_있/VA_편리/NNG,1
7,마을버스/NNG_이용/NNG_좋/VA,1
7,지하철/NNG_개통/NNG_편하/VA,1
7,지하철/NNG_잘/MAG_구비/NNG,1
7,차량/NNG_통행/NNG_불편/NNG,-1
7,환승/NNG_이용/NNG_편안/NNG,1
7,대중교통/NNG_이용/NNG_쉽/VA,1
7,쉽/VA_대중교통/NNG_이용/NNG,1
7,대중교통/NNG_이용/NNG_멀/VA,-1
7,위치/NNG_멀리/MAG_떨어지/VV,-1
7,지하철/NNG_어디든/NNG_가/VV,1
7,지하철/NNG_나오/VV_금방/MAG,1
7,불편/NNG_열차/NNG_이동/NNG,-1
7,부산/NNP_곳곳/NNG_연결/NNG,1
7,잘/MAG_이루/VV_대중교통/NNG,1
7,대중교통/NNG_이용/NNG_걷/VV,-1
7,앞/NNG_내리/VV_대중교통/NNG,1
7,부산역/NNG_바로/MAG_옆/NNG,1
8,불편/NNG_주위/NNG_주차/NNG,-1
8,주차/NNG_스트레스/NNG_적/VA,1
8,주차/NNG_평일/NNG_여유/NNG,1
8,주차/NNG_공간/NNG_모자라/VV,-1
8,주차/NNG_공간/NNG_부족/NNG,-1
8,주차/NNG_시설/NNG_부족/NNG,-1
8,주차/NNG_시설/NNG_모자라/VV,-1
8,주차장/NNG_극/NNG_부족/NNG,-1
8,주차장/NNG_금액/NNG_저렴/XR,1
8,앞/NNG_노상/NNG_주차장/NNG,1
8,주차/NNG_시간/NNG_소요/NNG,-1
8,무료/NNG_주차/NNG_가능/NNG,1
9,있/VA_어린이/NNG_놀이터/NNG,1
9,클라이너/NNP_의자/NNG_있/VA,1
9,최고/NNG_휴식/NNG_공간/NNG,1
9,편리/NNG_휴식/NNG_공간/NNG,1
9,휴식/NNG_공간/NNG_조성/NNG,1
9,문화/NNG_휴식/NNG_공간/NNG,1
9,편의/NNG_시설/NNG_이용/NNG,1
9,주위/NNG_다양/NNG_시설/NNG,1
9,놀이/NNG_공간/NNG_휴식/NNG,1
9,편의/NNG_시설/NNG_인접/NNG,1
9,편의/NNG_시설/NNG_편리/NNG,1
9,놀이/NNG_시설/NNG_다양/NNG,1
9,도심/NNG_속/NNG_휴양지/NNG,1
9,주변/NNG_편의/NNG_시설/NNG,1
9,각종/NNG_편의/NNG_시설/NNG,1
9,여유/NNG_편의/NNG_시설/NNG,1
9,놀이터/NNG_음식점/NNG_없/VA,-1
9,편의/NNG_시설/NNG_부족/NNG,-1
10,화장실/NNG_거리/NNG_깔끔/XR,1
10,화장실/NNG_시설/NNG_깨끗/XR,1
12,안전/NNG_제일주의/NNG_없/VA,-1
13,추천/NNG_장소/NNG_아니/VCN,-1
13,추천/NNG_정도/NNG_아니/VCN,-1
13,광안/NNG_대교/NNG_필수/NNG,1
13,필수/NNG_관광/NNG_코스/NNG,1
14,가족/NNG_나들이/NNG_적당/XR,1
14,가족/NNG_물놀이/NNG_적합/XR,1
14,뭉클/XR_가족/NNG_나들이/NNG,1
14,최고/NNG_가족/NNG_휴가/NNG,1
14,가족/NNG_모임/NNG_가능/NNG,1
14,아이/NNG_물놀이/NNG_적합/XR,1
14,추억/NNG_여행/NNG_가족/NNG,1
14,경험/NNG_보장/NNG_다양/NNG,1
14,추억/NNG_여행/NNG_코스/NNG,1
14,산책/NNG_코스/NNG_벤치/NNG,1
14,가족/NNG_방문/NNG_추천/NNG,1
14,산책/NNG_강력/NNG_추천/NNG,1
14,금지/NNG_불편/NNG_가족/NNG,-1
0,좋/VA_입점/NNG_브랜드/NNG,1
0,다양/XR_생활/NNG_용품/NNG,1
0,중고/NNG_거래/NNG_다양/XR,1
0,어렵/VA_주변/NNG_상가/NNG,-1
0,좋/VA_빈티지/NNG_쇼핑/NNG,1
0,좋/VA_백화점/NNG_쇼핑/NNG,1
0,시장/NNG_관광지/NNG_좋/VA,1
0,아기자기/XR_골목/NNG_많/VA,1
0,다양/XR_시설/NNG_매장/NNG,1
0,없/VA_메이커/NNG_가게/NNG,-1
0,실속/NNG_없/VA_쇼핑몰/NNG,-1
0,상품/NNG_개발/NNG_절실/XR,-1
0,지하상가/NNG_넓/VA_다양/XR,1
0,노점상/NNG_많/VA_정신없/VV,-1
0,면세품/NNG_사/VV_추천/NNG,1
0,쇼핑몰/NNG_맛집/NNG_많/VA,1
0,쇼핑/NNG_돌아다니/VV_좋/VA,1
0,쇼핑/NNG_기다리/VV_지루/XR,-1
0,좋/VA_대부분/NNG_가게/NNG,1
0,많/VA_대부분/NNG_가게/NNG,1
0,쇼핑/NNG_먹거리/NNG_많/VA,1
1,좋/VA_음식점/NNG_카페/NNG,1
1,커피/NNG_맛/NNG_꿀맛/NNG,1
1,맛있/VA_음식/NNG_커피/NNG,1
1,좋/VA_근처/NNG_음식점/NNG,1
1,좋/VA_동네/NNG_막걸리/NNG,1
1,기대/NNG_정도/NNG_맛/NNG,1
1,생선/NNG_구이/NNG_짱/NNG,1
1,막걸리/NNG_먹/VV_최고/NNG,1
1,추천/NNG_각종/NNG_맛/NNG,1
1,좋/VA_주변/NNG_음식점/NNG,1
1,맛/NNG_자체/NNG_특별/NNG,1
1,빵/NNG_크로/NNP_추천/NNG,1
1,맛/NNG_전통/NNG_자랑/NNG,1
1,실패/NNG_안/MAG_곱창/NNG,1
1,배/NNG_마음/NNG_만족/NNG,1
1,음식/NNG_실패/NNG_안/MAG,1
1,파전/NNG_막걸리/NNG_좋/VA,1
1,음식/NNG_그저/MAG_그런/MM,-1
1,음식/NNG_재미/NNG_느끼/VV,1
2,가게/NNG_이상/NNG_즐비/XR,1
2,음식점/NNG_상가/NNG_많/VA,1
2,수산물/NNG_가게/NNG_많/VA,1
2,많/VA_해안/NNG_음식점/NNG,1
2,즐비/XR_많/VA_돼지국밥/NNP,1
2,먹거리/NNG_흥/NNP_넘치/VV,1
2,음식점/NNG_거리/NNG_많/VA,1
2,각종/NNG_건어물/NNG_있/VV,1
2,장어구이/NNG_집/NNG_많/VA,1
2,먹거리/NNG_놀이/NNG_있/VV,1
2,먹거리/NNG_호텔/NNG_많/VA,1
2,다양/XR_중국/NNP_음식/NNG,1
2,식사/NNG_해결/NNG_괜찮/VA,1
2,먹거리/NNG_쇼핑/NNG_많/VA,1
2,먹거리/NNG_곳곳/NNG_팔/VV,1
2,먹거리/NNG_구경/NNG_잘/MA,1
2,다양/XR_종류/NNG_카페/NNG,1
2,군것질/NNG_많이/MAG_팔/VV,1
2,먹거리/NNG_많이/MAG_있/VA,1
2,식당/NNG_주점/NNG_몰리/VV,1
2,음식점/NNG_많이/MAG_있/VA,1
2,유명/XR_푸드/NNG_들어오/VV,1
2,분식/NNG_볼거리/NNG_많/VA,1
2,식품관/NNG_많/VA_매장/NNG,1
2,커피숍/NNG_많이/MAG_있/VA,1
2,까페/NNG_많이/MAG_생기/VV,1
2,음식점/NNG_많이/MAG_없/VA,-1
2,길거리/NNG_음식/NNG_많/VA,1
2,카페/NNG_많이/MAG_생기/VV,1
2,길거리/NNG_음식/NNG_많/VA,1
3,풍부/XR_가격/NNG_구입/NNG,1
3,가격/NNG_초반/NNG_오르/VV,-1
3,가격/NNG_면/NNG_만점/NNG,1
3,좋/VA_이벤트/NNG_가격/NNG,1
3,가격/NNG_깡패/NNG_안/MAG,1
3,가격/NNG_양/NNG_창렬/NNP,-1
4,맥주/NNG_가격/NNG_비싸/VA,-1
4,커피숍/NNG_즐비/XR_저렴/XR,1
4,음식/NNG_가격/NNG_비싸/VA,-1
4,비싸/VA_아침/NNG_조식/NNG,-1
4,주류/NNG_가격/NNG_저렴/XR,1
4,좋/VA_식음료/NNG_가격/NNG,1
4,구이/NNG_괜찮/VA_가격/NNG,1
4,농수산물/NNG_값/NNG_싸/VA,1
4,식당/NNG_가격/NNG_비싸/VA,-1
4,비싸/VA_동네/NNG_횟집/NNG,-1
4,저렴/XR_각종/NNG_음식/NNG,1
4,저렴/XR_기대/NNG_음식/NNG,1
4,비싸/VA_외부/NNG_음식/NNG,-1
4,음식/NNG_가격/NNG_비싸/VA,-1
4,맛/NNG_가격/NNG_별로/MAG,-1
4,카페/NNG_가격/NNG_비싸/VA,-1
5,저렴/XR_양질/NNG_물건/NNG,1
5,가격/NNG_괜찮/VA_상품/NNG,1
5,물건/NNG_비교/NNG_저렴/XR,1
6,딜러/NNG_붙임성/NNG_없/VA,-1
6,상인/NNG_정신/NNG_아쉽/VV,-1
6,서비스질/NNG_면/NNG_좋/VA,1
6,점원/NNG_붙임성/NNG_없/VA,-1
6,직원/NNG_정신/NNG_나가/VV,-1
6,직원/NNG_교육/NNG_안/MAG,-1
6,고객/NNG_응대/NNG_아쉽/VV,-1
7,영도/NNP_끝/NNG_위치/NNG,-1
7,교통/NNG_잘/MAG_연계/NNG,1
7,길/NNG_어마어마/XR_막히/VV,-1
7,노선/NNG_다양/NNG_곳/NNG,1
7,대중교통/NNG_가/VV_힘들/VA,-1
7,대중교통/NNG_잘/MAG_되/VV,1
7,대중교통/NNG_타/VV_수월/XR,1
7,대중교통/NNG_편하/VA_않/VX,-1
7,마을버스/NNG_타/VV_힘들/VA,-1
7,버스/NNG_앞/NNG_운행/NNG,1
7,버스/NNG_이용/NNG_적합/XR,1
7,버스/NNG_이용/NNG_편하/VA,1
7,버스/NNG_잘/MAG_연계/NNG,1
7,버스/NNG_접근/NNG_용이/XR,1
7,버스/NNG_정류장/NNG_멀/VA,-1
7,부산역/NNP_걸어가/VV_있/VV,1
7,비프/NNP_광장/NNG_가깝/VA,1
7,어렵/VA_택시/NNG_이용/NNG,-1
7,여행자/NNG_쉽/VA_들어가/VV,1
7,위치/NNG_중심가/NNG_있/VV,1
7,인접/NNG_방문/NNG_용이/XR,1
7,접근/NNG_면/NNG_뛰어나/VA,1
7,접근/NNG_제한/NNG_심하/VA,-1
7,정류장/NNG_코/NNG_앞/NNG,1
7,좋/VA_차/NNG_대중교통/NNG,1
7,지하철/NNG_뚫리/VV_편하/VA,1
7,편하/VA_교통/NNG_수단/NNG,1
7,해운대/NNG_거리/NNG_있/VA,1
7,이동/NNG_시간/NNG_빠르/VA,1
7,뚜벅이/NNP_여행/NNG_좋/VA,1
7,경전철/NNG_타/VV_김해/NNP,1
7,찾아가/VV_조금/NNG_힘들/VA,-1
7,중요/NNG_곳/NNG_연결/NNG,1
7,시장/NNG_이어지/VA_편하/VA,1
7,시장/NNG_바로/MAG_옆/NNG,1
7,바로/MAG_앞/NNG_센텀/NNP,1
7,관광객/NNG_가/VV_불편/NNG,-1
7,센텀/NNP_시티/NNG_가깝/VA,1
7,인접/NNG_곳/NNG_버스/NNG,1
7,접근/NNG_때/NNG_이용/NNG,1
7,지하철/NNG_이동/NNG_좋/VA,1
7,도로/NNG_정체/NNG_심하/VA,-1
7,경전철/NNG_생기/VV_편하/VA,1
7,교통/NNG_잘/MAG_연결/NNG,1
7,찾아가/VV_시간/NNG_걸리/VV,-1
7,환승/NNG_구간/NNG_잘/MAG,1
7,부산역/NNG_거리/NNG_있/VV,-1
7,해운대/NNG_거리/NNG_있/VV,-1
7,차/NNG_접근/NNG_불편/NNG,-1
7,해운대/NNG_좋/VA_위치/NNG,1
8,많/VA_공영주/NNP_차장/NNG,1
8,사람/NNG_많/VA_주차장/NNG,-1
8,어렵/VA_진입/NNG_통로/NNG,-1
8,주차/NNG_바가지/NNG_없/VA,1
8,주차공간/NNG_넉넉/XR_않/VX,-1
8,주차/NNG_공간/NNG_넉넉/XR,1
8,주차/NNG_공간/NNG_협소/XR,-1
8,주차시설/NNG_잘/MAG_되/VV,1
8,주차/NNG_시설/NNG_넉넉/XR,1
8,주차장/NNG_가득/MAG_차/VV,-1
8,주차장/NNG_구비/NNG_않/VX,-1
8,주차장/NNG_규모/NNG_작/VA,-1
8,주차장/NNG_지하/NNG_넓/VA,1
8,주차장/NNG_지하/NNG_있/VV,1
8,주차장/NNG_잘/MAG_갖추/VV,1
8,차장/NNG_금액/NNG_저렴/XR,1
8,공영주/NNP_차장/NNG_있/VV,1
8,주차/NNG_시설/NNG_잘/MAG,1
9,시원/XR_내부/NNG_편리/NNG,1
9,실내/NNG_놀이터/NNG_있/VA,1
9,편하/VA_편의/NNG_시설/NNG,1
9,휴식/NNG_공간/NNG_유명/XR,1
9,세련/XR_편의/NNG_시설/NNG,1
9,편의/NNG_시설/NNG_갖추/VV,1
9,도심/NNG_속/NNG_휴식/NNG,1
9,변변/XR_놀이/NNG_공간/NNG,0
9,쉼터/NNG_마련/NNG_마땅/XR,-1
9,너저분/XR_답답/XR_느낌/NNG,-1
10,화장실/NNG_시설/NNG_많/VA,1
10,화장실/NNG_곳곳/NNG_있/VV,1
10,화장실/NNG_사람/NNG_많/VA,-1
10,화장실/NNG_냄새/NNG_나/VV,-1
10,사람/NNG_많/VA_화장실/NNG,-1
11,문화/NNG_시설/NNG_갖추/VV,1
11,역사/NNG_의미/NNG_곳/NNG,1
13,방문/NNG_괜찮/VA_생각/NNG,1
13,코스/NNG_반드시/MAG_넣/VV,1
14,가족/NNG_나들이/NNG_좋/VA,1
14,데이트/NNG_장소/NNG_좋/VA,1
14,사진/NNG_포인트/NNG_많/VA,1
14,포인트/NNG_많/VA_사진/NNG,1
14,가족/NNG_단위/NNG_괜찮/VA,1
14,사진/NNG_뷰/NNP_감상/NNG,1
14,추억/NNG_남기/VV_가요/NNG,1
14,동반/NNG_가족/NNG_적합/XR,1
14,사진/NNG_남기/VV_추억/NNG,1
14,좋/VA_가족/NNG_나들이/NNG,1
14,가족/NNG_장소/NNG_괜찮/VA,1
14,데이트/NNG_좋/VA_위치/NNG,1
14,좋/VA_커플/NNG_데이트/NNG,1
14,이용/NNG_편하/VA_관광/NNG,1
14,좋/VA_바닷가/NNG_경치/NNG,1
14,이용/NNG_좋/VA_관광객/NNG,1
14,산책/NNG_적합/XR_코스/NNG,1
14,미술관/NNG_있/VV_다행/NNG,1
14,매니아/NNP_마음/NNG_들/VV,1
14,피로/NNG_날리/VV_가족/NNG,1
14,사람/NNG_걸음/NNG_멈추/VV,1
14,해양/NNG_산책로/NNG_있/VA,1
14,해안가/NNG_산책/NNG_있/VV,1
14,좋/VA_강아지/NNG_산책/NNG,1
14,산책/NNG_코스/NNG_적당/XR,1
14,산책/NNG_길/NNG_연못/NNG,1
14,산책/NNG_길/NNG_추천/NNG,1
14,연인/NNG_호젓/XR_시간/NNG,1
14,지나치/VA_곳/NNG_정도/NNG,-1
14,아이/NNG_돌기/NNG_힘들/VA,-1
0,쇼핑/NNG_맛집/NNG_많/VA,1
0,관광/NNG_좋/VA_시장/NNG,1
0,크기/NNG_크/VA_쇼핑/NNG,1
0,방문/NNG_재미/NNG_있/VV,1
0,매력/NNG_있/VV_상품/NNG,1
0,노점/NNG_가게/NNG_많/VA,1
0,많/VA_노점/NNG_가게/NNG,1
0,왠만/XR_브랜드/NNG_있/VA,1
0,많/VA_거리/NNG_쇼핑/NNG,1
0,다양/XR_ㄴ/NNG_시품/NNG,1
0,백화점/NNG_넓/VA_다양/XR,1
0,쇼핑/NNG_거리/NNG_없/VA,-1
0,쇼핑/NNG_특징/NNG_없/VA,-1
0,면세점/NNG_작/VA_아쉽/VA,-1
0,좋/VA_장소/NNG_쇼핑/NNG,1
0,좋/VA_가족/NNG_선물/NNG,1
0,잼/NNG_있/VV_아이템/NNG,1
0,브랜드/NNG_왠만/XR_있/VA,1
0,물건/NNG_사람/NNG_많/VA,1
0,많/VA_카페/NNG_상점/NNG,1
0,브랜드/NNP_노/NNP_많/VA,1
0,좋/VA_거리/NNG_쇼핑/NNG,1
0,쇼핑/NNG_공간/NNG_좋/VA,1
0,즐겁/VA_원/NNG_물건/NNG,1
0,쇼핑/NNG_기분/NNG_좋/VA,1
1,좋/VA_주변/NNG_카페/NNG,1
1,좋/VA_횟집/NNG_카페/NNG,1
1,가볍/VA_생각/NNG_맛/NNG,1
1,좋/VA_근처/NNG_횟집/NNG,1
1,특별/NNG_없/VA_씨앗/NNG,-1
1,좋/VA_부산/NNP_오뎅/NNG,1
1,좋/VA_스파/NNP_음식/NNG,1
1,생선/NNG_물건/NNG_좋/VA,1
1,좋/VA_주변/NNG_술집/NNG,1
1,좋/VA_주변/NNG_조개/NNG,1
1,음식/NNG_있/VV_인상깊/VA,1
1,맛/NNG_보통/NNG_괜찮/VA,1
1,음식/NNG_잘/MAG_나오/VV,1
1,예전/NNG_못하/VA_맛/NNG,-1
1,입/NNG_동시/NNG_즐겁/VA,1
1,음식/NNG_형편/NNG_없/VA,-1
1,짜/VV_씨앗/NNG_호떡/NNG,1
1,맛/NNG_그냥/MAG_그렇/VA,-1
1,맛/NNG_그저/MAG_그렇/VA,-1
2,가게/NNG_있/VV_특색/NNG,1
2,수많/VA_유명/XR_맛집/NNG,1
2,맛집/NNG_근처/NNG_많/VA,1
2,많/VA_거리/NNG_맛집/NNG,1
2,각종/NNG_맛/NNG_집/NNG,1
2,많/VA_구당/NNG_빵집/NNG,1
2,많/VA_근처/NNG_까페/NNG,1
2,카페/NNP_근처/NNG_많/VA,1
2,술집/NNG_근처/NNG_많/VA,1
2,음식/NNG_종류/NNG_많/VA,1
2,호떡/NNG_비롯/XR_다양/XR,1
2,먹/VV_거리/NNG_넘쳐나/VV,1
2,먹거리/NNG_고르/VV_쉽/VA,1
2,많/VA_주변/NNG_카페/NNG,1
2,괜찮/VA_음식점/NNG_없/VA,-1
2,먹/VV_거리/NNG_다양/NNG,1
2,많/VA_구이/NNG_음식/NNG,1
2,카페/NNG_많이/MAG_있/VA,1
2,카페/NNG_많이/MAG_있/VA,1
2,카페/NNP_주변/NNG_많/VA,1
2,먹/VV_거리/NNG_많이/MAG,1
2,주위/NNG_카페/NNG_있/VA,1
2,식당/NNG_많이/MAG_있/VA,1
2,카페/NNG_거리/NNG_있/VA,1
2,포차/NNG_많이/MAG_있/VA,1
2,이것저것/NNG_먹/VV_좋/VA,1
2,카페/NNG_제법/MAG_있/VA,1
2,중식/NNG_여러/MM_곳/NNG,1
3,비용/NNG_무시/NNG_없/VA,-1
3,요금/NNG_있/VA_올라가/VV,-1
3,특별/NNG_없/VA_제값/NNG,-1
3,절반/NNG_되/VV_가격/NNG,1
3,가격/NNG_빼/VV_완벽/NNG,-1
3,가격/NNG_제외/NNG_좋/VA,-1
3,좋/VA_생각/NNG_가격/NNG,1
3,가격/NNG_생각/NNG_높/VA,-1
3,가격/NNG_시설/NNG_좋/VA,1
3,흥정/NNG_재미/NNG_있/VA,1
3,가격/NNG_대비/NNG_좋/VA,1
3,많/VA_주차/NNG_요금/NNG,-1
3,부담/NNG_않/VX_가격/NNG,1
3,가격/NNG_대비/NNG_짧/VA,-1
3,통행료/NNG_있/VA_흠/NNG,-1
3,비용/NNG_부담/NNG_않/VX,1
3,유료/NNG_시설/NNG_많/VA,-1
3,입장료/NNG_아깝/VA_않/VX,1
4,가격/NNG_비슷/XR_신선/XR,1
4,저렴/XR_가격/NNG_맛/NNG,1
4,비싸/VA_생각/NNG_회/NNP,-1
4,저렴/XR_가격/NNG_신선/XR,1
4,야채/NNG_가격/NNG_싸/VA,1
4,가격/NNG_괜찮/VA_맛/NNG,1
4,부담/NNG_없/VA_식당/NNG,1
4,야채/NNG_싸/VV_구입/NNG,1
4,저렴/XR_가격/NNG_맛있/VA,1
4,국밥/NNG_골목/NNG_싸/VA,1
4,위스/NNP_키바/NNP_싸/VA,1
4,밀면/NNP_집/NNG_저렴/XR,1
4,식사/NNG_시장/NNG_싸/VA,1
4,가격/NNG_깡패/NNG_먹/VV,-1
4,회/NNP_센타/NNP_저렴/XR,1
4,부담/NNG_가격/NNG_먹/VV,-1
4,비싸/VA_않/VX_수산물/NNG,1
4,맛있/VA_가격/NNG_저렴/XR,1
4,맥주/NNG_잔/NNG_비싸/VA,-1
4,맛/NNG_있/VA_바가지/NNG,-1
5,쇼핑/NNG_타운/NNG_싸/VA,1
5,기념품/NNG_비싸/VA_않/VX,1
6,딜러/NNG_붙임/NNG_없/VA,-1
6,말/NNG_식당/NNG_싹싹/XR,1
6,웃/VV_고객/NNG_상대/NNG,1
6,인상/NNG_설명/NNG_좋/VA,1
6,점원/NNG_붙임/NNG_없/VA,-1
6,직원/NNG_친절/NNG_않/VX,-1
6,친절/NNG_거리/NNG_멀/VA,-1
7,교통/NNG_상황/NNG_좋/VA,1
7,교통/NNG_원활/NNG_않/VX,-1
7,교통편/NNG_안/MAG_좋/VA,-1
7,길/NNG_생각/NNG_복잡/XR,-1
7,길/NNG_찾아가/VV_어렵/VA,-1
7,노선/NNG_있/VA_일부/NNG,-1
7,대중교통/NNG_가/VV_멀/VA,-1
7,대중교통/NNG_타/VV_쉽/VA,1
7,되/VV_환승/NNG_구간/NNG,1
7,들어가/VV_어렵/VA_길/NNG,-1
7,배차/NNG_간격/NNG_넓/VA,-1
7,버스/NNG_방문/NNG_있/VA,1
7,버스/NNG_안/MAG_다니/VV,-1
7,버스/NNG_타/VV_추천/NNG,1
7,시내/NNG_거리/NNG_있/VA,-1
7,앞/NNG_지하철/NNG_있/VA,1
7,위치/NNG_관광/NNG_좋/VA,1
7,이동/NNG_많/VA_시간/NNG,-1
7,이동/NNG_하/VV_불편/NNG,-1
7,잦/VA_운행/NNG_필요/NNG,-1
7,좋/VA_대중/NNG_교통/NNG,1
7,좋/VA_않/VX_공항버스/NNG,-1
7,좋/VA_역/NNG_접근성/NNG,1
7,지하철/NNG_내리/VV_가/VV,1
7,지하철/NNG_다니/VV_않/VX,-1
7,지하철/NNG_역/NNG_있/VV,1
7,지하철/NNG_잘/MAG_되/VV,1
7,진입/NNG_통로/NNG_많/VA,1
7,차/NNG_이동/NNG_편하/VA,1
7,환승/NNG_비교/NNG_쉽/VA,1
7,지하철역/NNG_가/VV_있/VA,1
7,대중교통/NNG_가/VV_있/VV,1
7,걸어가/VV_있/VV_거리/NNG,1
7,가/VV_시간/NNG_잡아먹/VV,-1
7,노선/NNG_이해/NNG_쉽/VA,1
7,승용차/NNG_있/VA_편하/VA,1
7,도보/NNP_내려가/VV_있/VV,1
7,역/NNP_내리/VV_바로/MAG,1
7,도보/NNG_가/VV_무리/NNG,-1
7,찾아가/VV_힘/NNG_듬/NNG,-1
7,기사/NNG_잘/MAG_모르/VV,-1
7,지하철/NNG_타/VV_편하/VA,1
7,열차/NNG_있/VA_편리/NNG,1
7,지하철/NNG_복잡/XR_않/VX,1
7,뚜벅/MAG_여행/NNG_좋/VA,1
7,대교/NNG_건너/VV_빠르/VA,1
7,센텀/NNP_시티/NNG_있/VV,1
7,대중교통/NNG_가/VV_걷/VV,-1
7,대중교통/NNG_가/VV_걷/VV,-1
7,버스/NNG_타/VV_금방/MAG,1
7,지하철/NNG_내리/VV_걷/VV,-1
7,송도/NNG_가/VV_불편/NNG,-1
7,대중교통/NNG_가/VV_쉽/VA,1
7,대중교통/NNG_가/VV_좋/VA,1
7,버스/NNG_이용/NNG_가/VV,1
7,지하철/NNG_선/NNG_가/VV,1
7,도로/NNG_정비/NNG_되/VV,1
7,여행/NNG_좋/VA_위치/NNG,1
7,택시/NNG_타/VV_까다롭/VA,-1
7,도보/NNG_거리/NNG_되/VV,-1
7,바로/MAG_앞/NNG_내리/VV,1
7,종점/NNG_찾아가/VV_쉽/VA,1
7,환승/NNG_구간/NNG_길/VA,-1
7,센텀/NNP_가깝/VA_곳/NNG,1
8,쉽/VA_차량/NNG_출입/NNG,1
8,주차/NNG_걱정/NNG_없/VA,1
8,주차/NNG_고민/NNG_없/VA,1
8,주차/NNG_곳/NNG_협소/XR,-1
8,주차/NNG_때/NNG_힘들/VA,-1
8,주차/NNG_하/VV_부담/NNG,-1
8,주차공간/NNG_많/VA_않/VX,-1
8,주차/NNG_공간/NNG_널/VV,1
8,주차/NNG_공간/NNG_넓/VA,1
8,주차/NNG_공간/NNG_없/VA,-1
8,주차/NNG_공간/NNG_좁/VA,-1
8,주차/NNG_시설/NNG_많/VA,1
8,주차장/NNG_안/MAG_좋/VA,-1
8,주차장/NNG_잘/MAG_되/VV,1
8,주차장/NNG_줄/NNG_길/VA,-1
8,주차/NNG_요금/NNG_받/VV,-1
8,주차/NNG_인근/NNG_하/VV,1
8,주차/NNG_요금/NNG_없/VA,1
9,문화/NNG_공간/NNG_넓/VA,1
9,있/VV_휴게/NNG_공간/NNG,1
9,좋/VA_편의/NNG_시설/NNG,1
9,많/VA_편의/NNG_시설/NNG,1
9,편의/NNG_시설/NNG_있/VA,1
9,넓/VA_휴식/NNG_공간/NNG,1
9,있/VV_편의/NNG_시설/NNG,1
9,휴식/NNG_공간/NNG_되/VV,1
9,휴게/NNG_시설/NNG_되/VV,1
9,넓/VA_편의/NNG_시설/NNG,1
9,먹/VV_최고/NNG_휴식/NNG,1
9,있/VA_외족/NNG_욕탕/NNG,1
9,외족/NNG_욕탕/NNG_있/VA,1
9,편의/NNG_시설/NNG_많/VA,1
9,편의/NNG_시설/NNG_같/VA,1
9,편의/NNG_시설/NNG_있/VV,1
9,좋/VA_주변/NNG_편의/NNG,1
9,있/VV_휴식/NNG_공간/NNG,1
9,편안/NNG_주/VV_공간/NNG,1
9,편의/NNG_시설/NNG_좋/VA,1
9,많/VA_주변/NNG_편의/NNG,1
9,휴식/NNG_공간/NNG_없/VA,-1
9,편의/NNG_시설/NNG_없/VA,-1
10,화장실/NNG_찾/VV_힘들/VA,-1
10,찾/VV_힘들/VA_화장실/NNG,-1
10,화장실/NNG_안/MAG_좋/VA,-1
11,역사/NNG_관심/NNG_있/VV,1
12,안내/NNG_요원/NNG_없/VA,-1
14,가족/NNG_방문/NNG_좋/VA,1
14,가족/NNG_여행/NNG_좋/VA,1
14,좋/VA_가족/NNG_단위/NNG,1
14,좋/VA_산책/NNG_코스/NNG,1
14,친구/NNG_좋/VA_시간/NNG,1
14,포토/NNG_스팟/NNG_많/VA,1
14,가족/NNG_동반/NNG_좋/VA,1
14,걱정/NNG_말/VV_다녀오/VV,1
14,사진/NNG_예쁘/VA_나오/VV,1
14,부모/NNG_방문/NNG_좋/VA,1
14,방문/NNG_부담/NNG_없/VA,1
14,여행/NNG_존/NNP_잼/NNG,1
14,존/NNP_잼/NNG_여행/NNG,1
14,해수욕장/NNG_있/VV_좋/VA,1
14,있/VV_좋/VA_해수욕장/NNG,1
14,밤바다/NNG_시원/XR_좋/VA,1
14,좋/VA_깨끗/XR_밤바다/NNG,1
14,친구/NNG_동반/NNG_좋/VA,1
14,아이/NNG_케어/NNG_좋/VA,1
14,산책/NNG_관광/NNG_좋/VA,1
14,불어오/VV_바람/NNG_좋/VA,1
14,야경/NNG_분위/NNG_좋/VA,1
14,가족/NNG_가도/NNG_좋/VA,1
14,가도/NNG_좋/VA_가족/NNG,1
14,좋/VA_가족/NNG_가도/NNG,1
14,공연/NNG_구경/NNG_좋/VA,1
14,바다/NNG_감상/NNG_좋/VA,1
14,감상/NNG_좋/VA_인근/NNG,1
14,맘/NNG_들/VV_바닷가/NNG,1
14,좋/VA_야외/NNG_온천/NNG,1
14,공원/NNG_존재/NNG_좋/VA,1
14,좋/VA_자연/NNG_공원/NNG,1
14,사진/NNG_찍/VV_추억/NNG,1
14,경험/NNG_하/VV_좋아하/VV,1
14,유명/XR_곳/NNG_완벽/NNG,1
14,좋/VA_심야/NNG_공원/NNG,1
14,가족/NNG_쉽/VA_방문/NNG,1
14,속/NNG_뚫리/VV_느낌/NNG,1
14,좋/VA_드라이브/NNG_좋/VA,1
14,체험/NNG_아이/NNG_좋/VA,1
14,인상깊/VA_남/VV_가족/NNG,1
14,좋/VA_바람/NNG_아래/NNG,1
14,이야기/NNG_나누/VV_좋/VA,1
14,좋/VA_주변/NNG_경관/NNG,1
14,사진/NNG_찍/VV_맛집/NNG,1
14,아이/NNG_방문/NNG_좋/VA,1
14,단점/NNG_있/VV_감수/NNG,1
14,멀티/NNG_공간/NNG_좋/VA,1
14,가족/NNG_합류/NNG_좋/VA,1
14,걸음/NNG_멈추/VV_곳/NNG,1
14,체험/NNG_좋/VA_아이/NNG,1
14,방문/NNG_연인/NNG_좋/VA,1
14,운치/NNG_있/VA_장소/NNG,1
14,여유/NNG_산책/NNG_있/VV,1
14,모두/NNG_사랑/NNG_받/VV,1
14,가족/NNG_가/VV_추천/NNG,1
14,연인/NNG_보/VV_강추/NNG,1
14,산책/NNG_가/VV_추천/NNG,1
14,조용/XR_원하/VV_실패/NNG,-1
14,이용/NNG_좁/VA_가족/NNG,-1
14,풍경/NNG_아름답/VA_않/VX,-1
14,분위기/NNG_나쁘/VA_않/VX,1
0,많/VA_낮/NNG_구경/NNG,1
0,쇼핑/NNG_원하/VV_좋/VA,1
0,구경/NNG_있/VV_곳/NNG,1
0,좋/VA_평범/XR_다양/NNG,1
0,구매/NNG_있/VV_나쁘/VA,-1
0,쇼핑/NNG_편하/VA_좋/VA,1
0,쇼핑/NNG_곳/NNG_많/VA,1
0,아이템/NNG_사/VV_좋/VA,1
0,상품/NNG_보/VV_쏠쏠/XR,1
0,기념품/NNG_사/VV_좋/VA,1
0,사기/VV_정신/NNG_없/VA,-1
0,볼거리/NNG_있/VA_않/VX,-1
0,볼거리/NNG_많/VA_않/VX,-1
0,브랜드/NNG_많/VA_않/VX,-1
1,맛/NNG_있/VA_카페/NNG,1
1,카페/NNG_맛/NNG_좋/VA,1
1,먹/VV_이야기/NNG_좋/VA,1
1,간/NNG_되/VV_입맛/NNG,1
1,깔끔/XR_느낌/NNG_먹/VV,1
1,추천/NNG_가/VV_맛보/VV,1
1,깔끔/XR_나오/VV_맛/NNG,1
1,음식/NNG_나쁘/VA_않/VX,1
1,맛/NNG_기/NNG_막히/VV,1
1,맛/NNG_잘/MAG_모르/VV,-1
1,음식/NNG_맛/NNG_지/VV,1
2,많/VA_보이/VV_횟집/NNG,1
2,많/VA_식사/NNG_곳/NNG,1
2,많/VA_유명/XR_식당/NNG,1
2,분식/NNG_점/NNG_많/VA,1
2,먹거리/NNG_많/VA_않/VX,-1
2,음식점/NNG_많/VA_않/VX,-1
2,맛집/NNG_못/MAG_보/VV,-1
2,먹/VV_거리/NNG_즐비/XR,1
2,먹/VV_거리/NNG_풍부/XR,1
2,각양각색/NNG_먹을거리/NNG,1
2,먹/VV_거리/NNG_풍부/XR,1
2,간단/XR_요기/NNG_좋/VA,1
2,카페/NNG_샵/NNP_많/VA,1
2,회/NNG_센터/NNG_많/VA,1
2,먹거리/NNG_찾/VV_쉽/VA,1
2,여러/MM_회/NNG_맛보/VV,1
2,고르/VV_먹/VV_재미/NNG,1
3,편하/VA_있/VV_가격/NNG,1
3,가성/NNG_비/NNG_좋/VA,1
3,할인/NNG_안/MAG_되/VV,-1
3,비싸/VA_않/VX_추천/NNG,-1
3,복잡/XR_않/VX_요금/NNG,1
3,나쁘/VA_않/VX_가격/NNG,1
3,적/VA_예산/NNG_즐기/VV,1
3,가격/NNG_맘/NNG_들/VV,1
3,가격/NNG_대/NNG_있/VA,-1
3,바가지/NNG_많/VA_않/VX,1
4,저렴/XR_가격/NNG_먹/VV,1
4,저렴/XR_많/VA_식당/NNG,1
4,먹/VV_가격/NNG_저렴/XR,1
4,싸/VA_명성/NNG_싱싱/XR,1
4,가격/NNG_좋/VA_맛/NNG,1
4,싸/VA_다양/XR_음식/NNG,1
4,마시/VV_가격/NNG_싸/VA,1
4,먹/VV_가격/NNG_비싸/VA,-1
4,먹/VV_이유/NNG_비싸/VA,-1
4,맥주/NNG_넘/VV_비싸/VA,-1
4,저렴/XR_만족/NNG_먹/VV,1
4,마시/VV_적당/XR_저렴/XR,1
4,저렴/XR_좋/VA_핑거/NNP,1
4,횟감/NNG_저렴/XR_않/VX,-1
4,카페/NNG_비싸/VA_않/VX,1
4,싸/VA_가격/NNG_맛있/VA,1
4,맛있/VA_가격/NNG_있/VV,-1
4,요리/NNG_싸/VA_값/NNG,1
4,맛있/VA_가격/NNG_있/VV,-1
4,먹/VV_방식/NNG_저렴/XR,1
4,회/NNG_싸/VA_가격/NNG,1
5,저렴/XR_다양/XR_옷/NNG,1
5,물건/NNG_값/NNG_싸/VV,1
6,상인/NNG_기/NNG_세/VA,-1
6,직원/NNG_있/VV_편하/VA,1
7,가/VV_때/NNG_편리/NNG,1
7,가/VV_방법/NNG_험난/XR,-1
7,교통/NNG_나쁘/VA_않/VX,1
7,교통/NNG_면/NNG_좋/VA,1
7,교통/NNG_안/MAG_좋/VA,-1
7,교통/NNG_잘/MAG_되/VV,1
7,교통편/NNG_좋/VA_않/VX,-1
7,버스/NNG_가/VV_힘들/VA,-1
7,버스/NNG_오/VV_힘들/VA,-1
7,버스/NNG_타/VV_편하/VA,1
7,버스/NNG_타/VV_힘들/VA,-1
7,부산역/NNP_멀/VA_않/VX,1
7,선/NNG_동선/NNG_좋/VA,1
7,시내/NNG_나가/VV_좋/VA,1
7,역/NNG_도보/NNG_있/VA,1
7,역/NNG_한참/NNG_멀/VA,-1
7,운전/NNG_가/VV_힘들/VA,-1
7,위치/NNG_안/MAG_좋/VA,-1
7,이어지/VV_길/NNG_있/VA,1
7,자가/NNG_가/VV_괜찮/VA,1
7,전철/NNG_잘/MAG_되/VV,1
7,접근/NNG_어렵/VA_않/VX,1
7,접근성/NNG_좋/VA_않/VX,-1
7,정류장/NNG_멀/VA_않/VX,1
7,지하철/NNG_타/VV_좋/VA,1
7,차/NNG_가/VV_추천/NNG,1
7,차/NNG_없/VA_불편/NNG,-1
7,차편/NNG_나쁘/VA_않/VX,1
7,터미널/NNG_멀/VA_않/VX,1
7,차/NNG_안/MAG_막히/VV,1
7,역/NNG_생각/NNG_걷/VV,-1
7,돌고돌/VV_힘들/VA_가/VV,-1
7,걷/VV_다니/VV_위치/NNG,1
7,역/NNG_걷/VV_금방/MAG,1
7,역/NNG_금방/MAG_오/VV,1
7,역/NNG_도보/NNG_가/VV,1
7,지하철/NNG_타/VV_가/VV,1
7,웬만/XR_명소/NNG_가/VV,1
7,택시/NNG_잡/VV_힘들/VA,-1
7,라인/NNG_복잡/XR_않/VX,1
7,공항/NNG_가/VV_수월/XR,1
7,잘/MAG_보/VV_찾아가/VV,-1
7,가/VV_생각/NNG_편하/VA,1
7,남포동/NNP_가/VV_좋/VA,1
7,개통/NNG_되/VV_편하/VA,1
7,환승/NNG_잘/MAG_되/VV,1
7,공항/NNG_가/VV_편하/VA,1
7,역/NNG_거리/NNG_있/VV,-1
7,대교/NNG_다니/VV_좋/VA,1
7,중심/NNG_멀/VA_곳/NNG,-1
7,자차/NNG_가/VV_편하/VA,1
7,택시/NNG_잡/VV_어렵/VA,-1
7,부산역/NNG_멀/VA_않/VX,1
7,남포동/NNP_쉽/VA_가/VV,1
7,광안리/NNP_멀/VA_않/VX,1
8,많/VA_주차/NNG_곳/NNG,1
8,주차/NNG_곳/NNG_없/VA,-1
8,주차/NNG_애/NNG_먹/VV,-1
8,주차/NNG_어렵/VA_않/VX,1
8,주차/NNG_용이/XR_않/VX,-1
8,주차/NNG_잘/MAG_되/VV,1
8,주차/NNG_때/NNG_없/VA,-1
8,주차/NNG_빡/MAG_세/VV,-1
8,주차/NNG_힘/NNG_들/VV,-1
9,힐링/NNG_되/VV_곳/NNG,1
9,공원/NNG_크/VA_깔끔/XR,1
9,휴식/NNG_좋/VA_곳/NNG,1
9,휴식/NNG_있/VV_곳/NNG,1
9,있/VV_휴게실/NNG_있/VV,1
9,소란/NNG_있/VV_곳/NNG,-1
10,화장실/NNG_빼/VV_좋/VA,-1
11,역사/NNG_깊/VA_곳/NNG,1
11,역사/NNG_살/VV_숨쉬/VV,1
13,구경/NNG_가/VV_세요/VV,1
13,꼭/MAG_코스/NNG_넣/VV,1
13,방문/NNG_하/VV_세요/VV,1
13,산책/NNG_하/VV_세요/VV,1
13,일정/NNG_꼭/MAG_넣/VV,1
13,방문/NNG_권하/VV_않/VX,-1
13,놀러오/VV_보/VV_세요/VV,1
13,구경/NNG_하/VV_세요/VV,1
14,좋/VA_산책/NNG_길/NNG,1
14,부담/NNG_없/VA_곳/NNG,1
14,좋/VA_곳/NNG_부모/NNG,1
14,뷰/NNP_감상/NNG_좋/VA,1
14,가족/NNG_가/VV_즐기/VV,1
14,좋/VA_사소/XR_유물/NNG,1
14,좋/VA_트이/VV_전망/NNG,1
14,좋/VA_가까이/NNG_보/VV,1
14,특별/NNG_곳/NNG_같/VA,1
14,깔끔/XR_느낌/NNG_좋/VA,1
14,추억/NNG_남기/VV_좋/VA,1
14,골목/NNG_멋/NNG_좋/VA,1
14,좋/VA_산/NNG_바다/NNG,1
14,즐기/VV_좋/VA_아이/NNG,1
14,전시/NNG_질/NNG_좋/VA,1
14,질/NNG_좋/VA_전시/NNG,1
14,울창/XR_나무/NNG_좋/VA,1
14,좋/VA_같/VA_어린이/NNG,1
14,당연/XR_사진/NNG_찍/VV,1
14,좋/VA_사진/NNG_남기/VV,1
14,좋/VA_포인트/NNG_있/VV,1
14,공간/NNG_넉넉/XR_좋/VA,1
14,데이트/NNG_하/VV_좋/VA,1
14,아이/NNG_좋/VA_곳/NNG,1
14,투어/NNG_있/VV_다양/XR,1
14,산책/NNG_길/NNG_좋/VA,1
14,경치/NNG_빼놓/VV_없/VA,1
14,폭/NNG_넓/VA_장점/NNG,1
14,사진/NNG_찍/VV_이쁘/VA,1
14,말/NNG_필요/NNG_없/VA,1
14,날씨/NNG_안/MAG_좋/VA,-1
14,기분/NNG_안/MAG_좋/VA,-1
14,지나가/VV_안/MAG_좋/VA,-1
14,좋/VA_코스/NNG_안/MAG,-1
14,공기/NNG_안/MAG_좋/VA,-1
14,않/VX_좋/VA_바닷가/NNG,-1
14,좋/VA_않/VX_산책로/NNG,-1
0,재미/NNG_있/VV_많/VA,1
0,가게/NNG_있/VA_많/VA,1
0,쇼핑/NNG_있/VV_좋/VA,1
0,쇼핑/NNG_있/VV_많/VA,1
0,좋/VA_있/VV_상품/NNG,1
0,좋/VA_곳/NNG_다양/XR,1
0,물건/NNG_있/VA_좋/VA,1
0,쇼핑/NNG_하/VV_좋/VA,1
0,쇼핑/NNG_놀/VV_좋/VA,1
0,종류/NNG_많/VA_않/VX,-1
0,많/VA_않/VX_구경/NNG,-1
1,먹/VV_때/NNG_맛/NNG,1
1,먹/VV_않/VX_추천/NNG,-1
1,맛/NNG_나쁘/VA_않/VX,1
1,돈/NNG_아깝/VA_먹/VV,-1
1,맛/NNG_잊/VV_못하/VX,1
2,맛있/VA_곳/NNG_많/VA,1
2,시장/NNG_먹/VV_많/VA,1
2,음식/NNG_먹/VV_많/VA,1
2,많/VA_좋/VA_횟집/NNG,1
2,맛/NNG_있/VV_다양/XR,1
2,이것저것/NNG_먹거리/NNG,1
2,카페/NNP_많/VA_않/VX,-1
2,식당/NNG_많/VA_않/VX,-1
2,야식/NNG_많/VA_않/VX,-1
2,카페/NNG_많/VA_않/VX,-1
2,맛집/NNG_있/VV_않/VX,-1
2,맛있/VA_곳/NNG_많/VA,1
2,먹/VV_거리/NNG_많/VA,1
2,맛있/VA_곳/NNG_많/VA,1
2,먹/VV_거리/NNG_없/VA,-1
2,먹/VV_거리/NNG_있/VA,1
2,여기저기/NNG_군것질/NNG,1
2,많/VA_음식/NNG_파/VV,1
2,스낵바/NNG_군데군데/NNG,1
3,좋/VA_하/VV_가격/NNG,1
3,돈/NNG_내/VV_아깝/VA,-1
3,좋/VA_같/VA_가격/NNG,1
3,가격/NNG_싸/VA_않/VX,-1
4,저렴/XR_시/NNG_먹/VV,1
4,싸/VA_않/VX_비빔/NNG,-1
4,비싸/VA_안/MAG_먹/VV,-1
4,시장/NNG_싸/VA_않/VX,-1
4,싸/VA_값/NNG_맛있/VA,1
4,싸/VA_많/VA_횟집/NNG,1
4,노점/NNG_싸/VA_않/VX,-1
6,비호감/NNG_큐레이터/NNG,-1
6,안/MAG_사/VV_욕/NNG,-1
7,근처/NNG_자갈치시장/NNP,1
7,가/VV_길/NNG_복잡/XR,-1
7,자갈치시장/NNP_근처/NNG,1
7,길/NNG_찾/VV_어렵/VA,-1
7,가/VV_버스/NNG_있/VA,1
7,거리/NNG_멀/VA_않/VX,1
7,길/NNG_막히/VV_않/VX,1
7,길/NNG_어렵/VA_않/VX,1
7,길/NNG_찾/VV_힘들/VA,-1
7,노선/NNG_많/VA_않/VX,-1
7,노선/NNP_많/VA_않/VX,-1
7,버스/NNG_있/VV_않/VX,-1
7,버스/NNG_타/VV_가/VV,1
7,버스/NNG_타/VV_쉽/VA,1
7,버스/NNG_타/VV_있/VV,1
7,시내/NNG_멀/VA_않/VX,1
7,용이/XR_오/VV_곳/NNG,1
7,위치/NNG_좋/VA_않/VX,-1
7,접근/NNG_쉽/VA_않/VX,-1
7,접근/NNG_있/VV_좋/VA,1
7,차/NNG_많/VA_번잡/XR,-1
7,차/NNG_없/VA_힘들/VA,-1
7,차/NNG_없/VA_힘들/VA,-1
7,찾아가/VV_쉽/VA_않/VX,-1
7,환승/NNG_되/VV_않/VX,-1
7,환승/NNG_멀/VA_않/VX,1
7,웬만/XR_곳/NNG_가/VV,1
7,길/NNG_찾/VV_신기/XR,-1
7,가/VV_있/VV_편리/NNG,1
7,차/NNG_있/VA_편하/VA,1
7,자차/NNG_있/VV_좋/VA,1
7,차/NNG_있/VV_편하/VA,1
7,차/NNG_타/VV_편하/VA,1
7,어지간/XR_가/VV_있/VV,1
7,길/NNG_편하/VA_않/VX,-1
7,길/NNG_녹녹/XR_않/VX,-1
7,차편/NNG_좋/VA_않/VX,-1
7,버스/NNG_좋/VA_않/VX,-1
7,버스/NNG_가/VV_있/VV,1
7,걷/VV_이동/NNG_있/VV,1
7,위치/NNG_찾/VV_쉽/VA,1
7,길/NNG_가/VV_힘들/VA,-1
7,가/VV_편하/VA_곳/NNG,1
7,가/VV_거리/NNG_있/VA,-1
7,도심/NNG_멀/VA_않/VX,1
7,멀/VA_않/VX_거리/NNG,1
7,가/VV_길/NNG_힘들/VA,-1
7,길/NNG_막히/VV_않/VX,1
7,편수/NNG_많/VA_않/VX,-1
7,버스/NNG_타/VV_있/VV,1
7,출구/NNG_멀/VA_않/VX,1
7,이동/NNG_멀/VA_않/VX,1
7,쉽/VA_있/VV_거리/NNG,1
7,가/VV_거리/NNG_있/VV,-1
8,공영주차장/NNG_마련/NNG,1
8,주차/NNG_쉽/VA_않/VX,-1
8,주차/NNG_하/VV_있/VV,1
8,주차/NNG_하/VV_없/VA,-1
9,공간/NNG_되/VV_넓/VA,1
9,식히/VV_좋/VA_곳/NNG,1
9,앉/VV_쉬/VV_주변/NNG,1
9,편하/VA_있/VV_곳/NNG,1
9,쉬/VV_있/VV_시설/NNG,1
9,벤치/NNG_같/VA_쉬/VV,1
9,쭈그리/VV_앉/VV_먹/VV,-1
13,추천/NNG_하/VV_않/VX,-1
13,필수/NNG_가/VV_되/VV,1
13,가/VV_않/VX_추천/NNG,-1
14,야경/NNG_보/VV_좋/VA,1
14,가족/NNG_놀/VV_좋/VA,1
14,가족/NNG_있/VV_좋/VA,1
14,커플/NNG_가/VV_좋/VA,1
14,바다/NNG_있/VV_좋/VA,1
14,전망/NNG_보/VV_좋/VA,1
14,근처/NNG_있/VV_좋/VA,1
14,기대/NNG_하/VV_좋/VA,1
14,뜻깊/VA_같/VA_뷰/NNP,1
14,감상/NNG_좋/VA_가/VV,1
14,발길/NNG_적/VA_좋/VA,1
14,좋/VA_부분/NNG_있/VV,1
14,좋/VA_조용/XR_즐기/VV,1
14,놀/VV_좋/VA_가족/NNG,1
14,수다/NNG_떨/VV_좋/VA,1
14,홍보/NNG_되/VV_좋/VA,1
14,좋/VA_하/VV_가족/NNG,1
14,좋/VA_기억/NNG_있/VA,1
14,근처/NNG_있/VA_좋/VA,1
14,산책/NNG_하/VV_좋/VA,1
14,따뜻/XR_정/NNG_있/VA,1
14,이만/XR_곳/NNG_없/VA,1
14,좋/VA_경험/NNG_되/VV,1
14,삶/NNG_있/VV_곳/NNG,1
14,웬만/XR_곳/NNG_있/VV,-1
14,좋/VA_않/VX_산책/NNG,-1
14,의미/NNG_있/VV_않/VX,-1
14,안/MAG_좋/VA_곳/NNG,-1
14,경치/NNG_좋/VA_않/VX,-1
14,풍경/NNG_좋/VA_않/VX,-1
14,후회/NNG_없/VA_않/VX,-1
14,유명/XR_않/VX_경치/VV,-1
14,뷰/NNP_멋있/VA_않/VX,-1
14,날씨/NNG_좋/VA_않/VX,-1
14,경관/NNG_좋/VA_않/VX,-1
14,좋/VA_곳/NNG_안/MAG,-1
14,좋/VA_않/VX_바다/NNG,-1
14,기억/NNG_남/VV_않/VX,-1
0,최고/NNG_쇼핑센터/NNG,1
0,볼거리/NNG_무궁무진/XR,1
0,구경거리/NNG_다양/NNG,1
0,장터/NNG_이것저것/NNG,1
1,레스토랑/NNG_추천/NNG,1
1,해장국/NNG_엄지척/NNG,1
1,맛/NNG_있/VV_않/VX,-1
1,맛/NNG_좋/VA_않/VX,-1
1,좋/VA_하/VV_맛/NNG,1
1,맛/NNG_많/VA_없/VA,-1
2,골목골목/NNG_맛집/NNG,1
2,주전부리/NNG_천국/NNG,1
2,먹/VV_곳/NNG_많/VA,1
2,먹을거리/NNG_넘쳐나/VV,1
2,먹을거리/NNG_가득/MAG,1
4,싸/VA_않/VX_회/NNG,-1
4,먹/VV_없/VA_비싸/VA,-1
7,고속도로/NNP_근처/NNG,1
7,근처/NNG_센텀시티/NNP,1
7,대중교통/NNG_부족/NNG,-1
7,대중교통/NNG_불편/NNG,-1
7,부산역/NNP_맞은편/NNG,1
7,부평시장/NNP_근접/NNG,1
7,불편/NNG_대중교통/NNG,-1
7,센텀시티/NNP_가까우/VA,1
7,여유/NNG_대중교통/NNG,1
7,유일/NNG_대중교통/NNG,-1
7,지하철역/NNG_근처/NNG,1
7,지하철역/NNG_코앞/NNG,1
7,지하철역/NNP_가까워/VV,1
7,추천/NNG_대중교통/NNG,1
7,편리/NNG_교통수단/NNG,1
7,부산역/NNP_건너편/NNG,1
7,근처/NNG_센텀시티/NNP,1
7,길/NNG_멀/VA_않/VX,1
7,손쉽/VA_가/VV_있/VV,1
7,역/NNG_멀/VA_않/VX,1
7,찾/VV_좁/VA_길/NNG,-1
7,찾/VV_힘들/VA_않/VX,-1
7,역/NNG_걷/VV_가/VV,1
7,손쉽/VA_찾/VV_있/VV,1
7,차이나타운/NNG_가깝/VA,1
7,깡통시장/NNG_연결/NNG,1
7,깡통시장/NNG_가까워/VV,1
7,대중교통/NNG_필수/NNG,1
7,타/VV_다니/VV_좋/VA,1
7,부산역/NNG_가까이/MAG,1
7,부산역/NNG_맞은편/NNG,1
8,주차공간/NNG_모자라/VV,-1
8,주차공간/NNG_부족/NNG,-1
8,주차시설/NNG_부족/NNG,-1
8,주차시설/NNG_모자라/VV,-1
9,앉/VV_편하/VA_쉬/VV,1
9,편의점/NNG_쓰레기/NNG,-1
12,안전/NNG_제일주의/NNG,1
13,빌/VV_오/VV_세요/VV,1
14,드라이브/NNG_최고/NNG,1
14,액티비티/NNG_좋아하/VV,1
14,케이블카/NNG_최고/NNG,1
14,최고/NNG_케이블카/NNG,1
14,최고/NNG_해수욕장/NNG,1
14,찍/VV_좋/VA_역/NNG,1
14,단란/XR_오/VV_좋/VA,1
14,들르/VV_좋/VA_같/VA,1
14,가/VV_안/MAG_좋/VA,-1
14,안/MAG_가/VV_좋/VA,-1
14,안/MAG_걷/VV_좋/VA,-1
0,아기자기/XR_상점/NNG,1
0,볼거리/NNG_다양/NNG,1
0,대표/NNG_쇼핑몰/NNG,1
0,다양/NNG_수입품/NNG,1
0,다양/NNG_볼거리/NNG,1
0,이벤트/NNG_다양/NNG,1
0,쇼핑/NNG_즐거움/NNG,1
0,아름답/VA_기념품/NNG,1
0,살거리/NNG_부족/NNG,-1
0,아울렛/NNG_부족/NNG,-1
0,상권/NNG_쪼그라드/VV,-1
0,다양/NNG_백화점/NNG,1
1,커피숍/NNG_맛집/NNG,1
1,맛집/NNG_커피숍/NNG,1
1,먹거리/NNG_천국/NNG,1
1,천국/NNG_먹거리/NNG,1
1,음식/NNG_최고봉/NNP,1
1,군것질/NNG_재미/NNG,1
1,토스트/NNG_추천/NNG,1
1,떡볶이/NNG_좋아하/VV,1
1,해산물/NNG_천국/NNG,1
1,막걸리/NNG_명물/NNG,1
1,먹거리/NNG_별로/MAG,-1
1,자장면/NNG_최고/NNG,1
1,막걸리/NNG_최고/NNG,1
1,맛있/VA_간식거리/NNG,1
1,맛있/VA_장어구이/NNG,1
1,자장면/NNG_최고/NNG,1
1,꼼장어/NNG_최고/NNG,1
2,소소/XR_간식거리/NNG,1
2,포장마차/NNG_즐비/XR,1
2,먹거리/NNG_다양/NNG,1
2,다양/XR_포장마차/NNG,1
2,먹을거리/NNG_풍부/XR,1
2,포장마차/NNG_촌/NNG,1
2,다양/XR_먹을거리/NNG,1
2,먹을거리/NNG_즐비/XR,1
2,먹거리/NNG_거리/NNG,1
2,이것저것/NNG_맛보/VV,1
2,해산물/NNG_천국/NNG,1
2,음식점/NNG_거리/NNG,1
2,먹거리/NNG_가득/MAG,1
2,다양/NNG_먹거리/NNG,1
2,먹거리/NNG_충분/NNG,1
2,프랜차이즈/NNG_많/VA,1
2,먹거리/NNG_넘쳐나/VV,1
2,여러가지/NNG_회/NNG,1
2,음식점/NNG_가득/MAG,1
2,먹거리/NNG_구경/NNG,1
3,가성비/NNG_최고/NNG,1
3,가성비/NNG_별로/MAG,-1
3,가성비/NNG_뛰어나/VV,1
3,가성비/NNG_떨어지/VV,-1
3,교통비/NNG_절감/NNG,1
4,활어/NNG_바가지/NNG,-1
4,포장마차/NNG_비싸/VA,-1
4,먹/VV_싸/VA_않/VX,-1
4,싸/VV_먹/VV_있/VV,1
4,비싸/VA_레스토랑/NNG,-1
5,저렴/XR_지하상가/NNG,1
5,저렴/XR_오프라인/NNG,1
6,관리자/NNG_최악/NNG,-1
6,노점상/NNG_횡포/NNG,-1
6,서비스/NNG_만점/NNG,1
6,서비스/NNG_별로/MAG,-1
6,서비스/NNG_비추/NNG,-1
6,서비스/NNG_안습/NNG,-1
6,서비스/NNG_일급/NNG,1
6,서비스/NNG_최악/NNG,-1
6,역무원/NNG_감사/NNG,1
6,예의/NNG_관리사/NNG,1
6,장사꾼/NNG_아니/VCN,1
6,스태프/NNG_친절/NNG,1
7,교통편/NNG_부족/NNG,-1
7,교통편/NNG_불편/NNG,-1
7,교통편/NNG_최악/NNG,-1
7,교통편/NNG_편리/NNG,1
7,국제시장/NNG_가깝/VA,1
7,국제시장/NNG_옆/NNG,1
7,남포동/NNP_가까워/VV,1
7,다양/XR_대중교통/NNG,1
7,대중교통/NNG_괜찮/VA,1
7,대중교통/NNG_편하/VA,1
7,덕천역/NNP_가까워/VV,1
7,부산역/NNP_가까워/VV,1
7,부산역/NNP_근처/NNG,1
7,부산역/NNP_인근/NNG,1
7,센텀시티/NNG_가깝/VA,1
7,순식간/NNG_도착/NNG,1
7,아쉽/VA_대중교통/NNG,-1
7,접근성/NNG_떨어지/VV,-1
7,접근성/NNG_편리/NNG,1
7,중심가/NNG_가까워/VV,1
7,중심가/NNG_떨어지/VV,-1
7,중심가/NNG_인접/NNG,1
7,지하철/NNG_가까워/VV,1
7,지하철/NNG_구비/NNG,1
7,지하철/NNG_선호/NNG,1
7,지하철/NNG_이동/NNG,1
7,최고/NNG_교통편/NNG,1
7,편리/NNG_접근성/NNG,1
7,피곤/NNG_지하철/NNG,-1
7,해운대/NNP_가까워/VV,1
7,유용/XR_교통수단/NNG,1
7,센텀시티/NNP_가깝/VA,1
7,앞/NNG_센텀시티/NNP,1
7,중심가/NNG_위치/NNG,1
7,가/VV_않/VX_좋/VA,-1
7,해수욕장/NNG_가깝/VA,1
7,책방골목/NNP_가깝/VA,1
7,해운대/NNG_가까워/VV,1
7,중앙동역/NNG_가깝/VA,1
7,셔틀버스/NNG_다니/VV,1
7,명소/NNG_가까이/MAG,1
7,저렴/XR_대중교통/NNG,1
7,부산역/NNP_주변/NNG,1
7,지하철역/NNG_가깝/VA,1
7,부산역/NNG_근처/NNG,1
7,부산역/NNG_주변/NNG,1
7,부산역/NNG_가까워/VV,1
7,부산역/NNG_인근/NNG,1
7,남포동/NNP_연결/NNG,1
8,근처/NNG_주차장/NNG,1
8,대형/NNG_주차장/NNG,1
8,도로변/NNG_주차/NNG,-1
8,불편/NNG_주차장/NNG,-1
8,주차공간/NNG_넉넉/XR,1
8,주차공간/NNG_협소/XR,-1
8,주차시설/NNG_넉넉/XR,1
8,주차장/NNG_공짜/NNG,1
8,주차장/NNG_구비/NNG,1
8,주차장/NNG_문제/NNG,-1
8,주차장/NNG_이용/NNG,1
8,주차장/NNG_혼잡/NNG,-1
8,주차장/NNG_마련/NNG,1
8,공영주차장/NNG_있/VV,1
9,도심/NNG_휴식처/NNG,1
9,편의점/NNG_휴식/NNG,1
9,휴식처/NNG_개장/NNG,1
9,휴식처/NNG_공원/NNG,1
9,시민/NNG_휴식처/NNG,1
9,최고/NNG_휴식처/NNG,1
9,휴게실/NNG_운영/NNG,1
9,시설/NNG_노후화/NNG,-1
10,화장실/NNG_청결/NNG,1
10,무료/NNG_화장실/NNG,1
10,화장실/NNG_옛날/NNG,-1
10,화장실/NNG_냄새/NNG,-1
10,화장실/NNG_불편/NNG,-1
10,냄새/NNG_화장실/NNG,-1
10,어려우/VA_화장실/NNG,-1
10,화장실/NNG_냄새나/VV,-1
10,상업/NNG_화장실/NNG,-1
10,화장실/NNG_지저분/XR,-1
10,화장실/NNG_부족/NNG,-1
10,화장실/NNG_더러우/VA,-1
10,더러우/VA_화장실/NNG,-1
10,화장실/NNG_공사/NNG,-1
11,미술관/NNG_개관/NNG,1
13,태종대/NNP_필수/NNG,1
13,필수/NNG_방문지/NNG,1
14,바닷가/NNG_최고/NNG,1
14,굿/NNG_가보세요/NNG,1
14,관광객/NNG_최적/NNG,1
14,최고/NNG_브릿지/NNP,1
14,나들이/NNG_적격/NNG,1
14,야경/NNG_예쁘다/NNP,1
14,되실아나/VV_느낌/NNG,1
14,주변/NNG_산책로/NNG,1
14,주민/NNG_산책로/NNG,1
14,산책로/NNG_추천/NNG,1
14,걷/VV_좋/VA_않/VX,-1
14,찍/VV_좋/VA_않/VX,-1
14,보/VV_않/VX_좋/VA,-1
14,가/VV_않/VX_좋/VA,-1
14,가/VV_좋/VA_않/VX,-1
0,쇼핑/NNG_가능/NNG,1
0,구경거리/NNG_많/VA,1
0,다양/XR_볼거리/NNG,1
0,시장/NNG_다양/NNG,1
0,쇼핑/NNG_편리/NNG,1
0,쇼핑/NNG_천국/NNG,1
0,다양/NNG_상점/NNG,1
0,다양/NNG_행사/NNG,1
0,다양/NNG_물건/NNG,1
0,다양/NNG_전시/NNG,1
0,매력/NNG_시장/NNG,1
0,다양/XR_브랜드/NNG,1
0,쇼핑/NNG_메카/NNP,1
0,쇼핑/NNG_좋아하/VV,1
0,프로그램/NNG_많/VA,1
0,다양/NNG_쇼핑/NNG,1
0,천국/NNG_쇼핑/NNG,1
0,다양/NNG_구경/NNG,1
0,판매/NNG_매력/NNG,1
0,쇼핑/NNG_최적/NNG,1
0,다양/XR_이벤트/NNG,1
0,쇼핑/NNG_재미/NNG,1
0,다양/XR_매장이/NNG,1
0,구제/NNG_다양/NNG,1
0,구경/NNG_다양/NNG,1
0,종합/NNG_쇼핑/NNG,1
0,부족/NNG_관광/NNG,-1
0,다양/XR_생필품/NNG,1
0,물건/NNG_다양/NNG,1
0,노점/NNG_다양/NNG,1
0,다양/XR_즐거움/NNG,1
0,화장품/NNG_수많/VA,1
0,다양/XR_브렌드/NNP,1
0,만끽/NNG_쇼핑/NNG,1
0,상업/NNG_변질/NNG,-1
0,쇼핑/NNG_추천/NNG,1
0,다양/XR_쇼핑몰/NNG,1
0,면세점/NNG_다양/XR,1
0,각종/NNG_잡화/NNG,1
0,야시장/NNG_다양/XR,1
0,이색/NNG_가게/NNG,1
0,정신없/VV_쇼핑/NNG,-1
0,볼거리/NNG_충분/XR,1
0,가게/NNG_다양/NNG,1
0,다양/NNG_가게/NNG,1
0,복합/NNG_쇼핑/NNG,1
0,구경/NNG_재미/NNG,1
1,카페/NNG_맛집/NNG,1
1,맛집/NNG_카페/NNG,1
1,음식/NNG_최고/NNG,1
1,음식점/NNG_괜찮/VA,1
1,신선/XR_해산물/NNG,1
1,물맛/NNG_일품/NNG,1
1,음식/NNG_천국/NNG,1
1,음식/NNG_추천/NNG,1
1,좋/VA_포장마차/NNG,1
1,추천/NNG_당면/NNG,1
1,국수/NNG_최고/NNG,1
1,음식점/NNG_즐기/VV,1
1,회가/NNG_최고/NNG,1
1,미역국/NNG_시원/XR,1
1,실패/NNG_곱창/NNG,-1
1,어묵/NNG_최고/NNG,1
1,만두/NNG_좋아하/VV,1
1,튀김/NNG_좋아하/VV,1
1,먹을거리/NNG_좋/VA,1
1,맛집/NNG_아니/VCN,-1
1,음식점/NNG_유명/XR,1
1,주전부리/NNG_좋/VA,1
1,해산물/NNG_생생/XR,1
1,음식/NNG_특색/NNG,1
1,최고/NNG_만두/NNG,1
1,먹거리/NNG_굿/NNG,1
1,음식/NNG_만끽/NNG,1
1,음식점/NNG_아쉽/VA,-1
1,돼지/NNG_냄새/NNG,-1
1,맛/NNG_엄지척/NNG,1
1,음식/NNG_자극/NNG,-1
1,음식/NNG_형편없/VA,-1
1,자극/NNG_음식/NNG,-1
1,맛대가리/NNG_없/VA,-1
1,호떡/NNG_진리/NNG,1
1,파스타/NNG_굿/NNG,1
1,짬뽕/NNG_최고/NNG,1
1,멋지/VA_먹거리/NNG,1
1,음식/NNG_보통/NNG,0
1,빵집/NNG_명물/NNG,1
1,맛/NNG_엄지척/NNG,1
1,맛있/VA_먹거리/NNG,1
1,맛있/VA_음식점/NNG,1
1,맛있/VA_해산물/NNG,1
1,맛있/VA_음식점/NNG,1
1,조개/NNG_일품/NNG,1
1,음식점/NNG_아쉽/VA,-1
1,맛나/VA_먹거리/NNG,1
1,꼼장어/NNG_신선/XR,1
2,레스토랑/NNG_많/VA,1
2,맛집/NNG_거리/NNG,1
2,맛집/NNG_탐방/NNG,1
2,간식거리/NNG_많/VA,1
2,많/VA_포장마차/NNG,1
2,맛집/NNG_탐험/NNG,1
2,곳곳/NNG_맛집/NNG,1
2,포장마차/NNG_많/VA,1
2,먹을거리/NNG_많/VA,1
2,많/VA_레스토랑/NNG,1
2,먹거리/NNG_풍부/XR,1
2,커피숍/NNG_즐비/XR,1
2,많/VA_먹을거리/NNG,1
2,간식/NNG_넘쳐나/VV,1
2,다양/XR_음식점/NNG,1
2,메뉴/NNG_다양/NNG,1
2,야시장/NNG_다양/XR,1
2,즐비/XR_음식점/NNG,1
2,다양/XR_먹거리/NNG,1
2,다양/NNG_음식/NNG,1
2,카페/NNG_다양/NNG,1
2,음식점/NNG_즐비/XR,1
2,어묵/NNG_다양/NNG,1
2,음식/NNG_다양/NNG,1
2,먹을거리/NNG_많/VA,1
2,다양/XR_수산물/NNG,1
2,풍성/XR_먹거리/NNG,1
2,먹거리/NNG_펼치/VV,1
2,먹거리/NNG_즐기/VV,1
2,커피숍/NNG_모이/VV,1
2,다양/NNG_해물/NNG,1
2,푸짐/XR_먹거리/NNG,1
2,식당/NNG_다양/NNG,1
2,횟집/NNG_밀집/NNG,1
2,먹거리/NNG_모이/VV,1
2,푸드/NNG_다양/NNG,1
2,먹거리/NNG_즐기/VV,1
2,해물/NNG_다양/NNG,1
2,먹거리/NNG_풍성/XR,1
2,분식/NNG_가득/MAG,1
2,온갖/MM_먹거리/NNG,1
2,다양/XR_커피숍/NNG,1
2,음식/NNG_가득/MAG,1
2,맛집/NNG_부족/NNG,-1
3,물가/NNG_자랑/NNG,1
3,환승/NNG_요금/NNG,1
3,무료/NNG_부적절/XR,-1
3,성비/NNG_최고/NNG,1
3,실망/NNG_성비/NNG,-1
3,성비/NNG_떨어지/VV,-1
3,부담/NNG_가격/NNG,-1
3,추가/NNG_요금/NNG,-1
3,추억/NNG_가격/NNG,1
3,가격/NNG_정직/NNG,1
3,가격/NNG_올라가/VV,-1
3,요금/NNG_폭탄/NNG,-1
3,가격/NNG_합리/NNG,1
3,가격/NNG_사악/NNG,-1
3,가격/NNG_최고/NNG,1
3,가격/NNG_불만/NNG,-1
3,가격/NNG_만족/NNG,1
3,가격/NNG_주의/NNG,-1
3,요금/NNG_절약/NNG,1
3,엄청나/VA_가격/NNG,-1
3,초과/NNG_요금/NNG,-1
3,차별/NNG_가격/NNG,-1
3,가격/NNG_깡패/NNG,-1
3,요금/NNG_단점/NNG,-1
3,가격/NNG_인상/NNG,-1
3,인상/NNG_가격/NNG,-1
3,지불/NNG_가치/NNG,1
3,할인/NNG_혜택/NNG,1
3,합리/NNG_가격/NNG,1
3,가격/NNG_부담/NNG,-1
3,추천/NNG_가격/NNG,1
3,할인/NNG_가격/NNG,1
3,가성비/NNG_괜찮/VA,1
3,입장료/NNG_오르/VV,-1
3,입장료/NNG_아깝/VA,-1
3,가성비/NNG_훌륭/XR,1
3,로밍/NNG_폭탄/NNG,-1
4,음식점/NNG_비싸/VA,-1
4,비싸/VA_팥빙수/NNP,-1
4,음료/NNG_무료/NNG,1
4,저렴/XR_먹거리/NNG,1
4,비싸/VA_수산물/NNG,-1
4,저렴/XR_음식점/NNG,1
4,무료/NNG_식사/NNG,1
4,비싸/VA_곰장어/NNG,-1
4,건어물/NNG_저렴/XR,1
4,커피/NNG_무료/NNG,1
4,저렴/XR_해산물/NNG,1
4,비싸/VA_음식점/NNG,-1
5,저렴/XR_기념품/NNG,1
5,저렴/XR_골동품/NNG,1
5,파라솔/NNG_저렴/XR,1
5,기념품/NNG_비싸/VA,-1
5,명품/NNG_할인/NNG,1
5,용품/NNG_정가/NNG,1
6,시끄럽/VA_장사/NNG,-1
6,양심/NNG_장사/NNG,1
6,직원/NNG_반말/NNG,-1
6,친절/NNG_부족/NNG,-1
6,카드/NNG_거부/NNG,-1
6,한국어/NNG_욕/NNG,-1
6,현금/NNG_강요/NNG,-1
6,호객/NNG_행위/NNG,-1
6,친절/NNG_기사/NNG,1
6,무시/NNG_태도/NNG,-1
6,친절/NNG_불편/NNG,-1
6,친절/NNG_직원/NNG,1
6,직원/NNG_친절/NNG,1
6,스탭/NNG_친절/NNG,1
6,관장/NNG_친절/NNG,1
6,상인/NNG_친절/NNG,1
7,강추/NNG_노선/NNG,1
7,거리/NNG_멉니다/VA,-1
7,거리/NNG_멉니다/VA,-1
7,거칠/VA_운전자/NNG,-1
7,괜찮/VA_지하철/NNG,1
7,교통/NNG_별로/MAG,-1
7,교통/NNG_불편/NNG,-1
7,교통/NNG_연결/NNG,1
7,교통/NNG_정체/NNG,-1
7,교통/NNG_중심/NNG,1
7,교통/NNG_체증/NNG,-1
7,교통/NNG_통제/NNG,-1
7,교통/NNG_편리/NNG,1
7,교통/NNG_허브/NNG,1
7,교통수단/NNG_있/VV,1
7,교통편/NNG_아쉽/VA,-1
7,교통편/NNG_편하/VA,1
7,구석/NNP_위치/NNG,-1
7,남포동/NNP_옆/NNG,1
7,노선/NNG_늘어나/VV,1
7,노선/NNG_다양/NNG,1
7,노선/NNG_편리/NNG,1
7,대중교통/NNG_멀/VA,-1
7,대중교통/NNG_쉽/VA,1
7,대중교통/NNG_있/VA,1
7,대중교통/NNG_있/VV,1
7,도심/NNG_떨어지/VV,-1
7,만족/NNG_위치/NNG,1
7,많/VA_대중교통/NNG,1
7,버스/NNG_제공/NNG,1
7,버스/NNG_추천/NNG,1
7,부산역/NNG_가깝/VA,1
7,부산역/NNP_옆/NNG,1
7,불편/NNG_방문/NNG,-1
7,불편/NNG_열차/NNG,-1
7,불편/NNG_자가/NNG,-1
7,서면/NNG_근처/NNG,1
7,시내/NNG_떨어지/VV,-1
7,앞/NNG_부전역/NNP,1
7,연결/NNG_교통/NNG,1
7,연결/NNG_근처/NNG,1
7,연결/NNG_편리/NNG,1
7,위치/NNG_떨어지/VV,-1
7,이동/NNG_최적/NNG,1
7,이동/NNG_편리/NNG,1
7,접근/NNG_가능/NNG,1
7,접근/NNG_뛰어나/VA,1
7,접근/NNG_불편/NNG,-1
7,접근/NNG_편리/NNG,1
7,접근성/NNG_괜찮/VA,1
7,접근성/NNG_아쉽/VA,-1
7,접근성/NNG_용이/XR,1
7,접근성/NNG_훌륭/XR,1
7,좋/VA_공항버스/NNG,1
7,좋/VA_교통수단/NNG,1
7,좋/VA_대중교통/NNG,1
7,좋/VA_시외버스/NNG,1
7,지하철/NNG_가깝/VA,1
7,지하철역/NNG_있/VA,1
7,차량/NNG_정체/NNG,-1
7,찾아가/VV_불편/NNG,-1
7,찾아가/VV_편리/NNG,1
7,찾아가/VV_힘듬/NNG,-1
7,추천/NNG_버스/NNG,1
7,편리/NNG_환승/NNG,1
7,위치/NNG_별로/MAG,-1
7,주차장/NNG_막히/VV,-1
7,시장/NNG_연결/NNG,1
7,노선/NNP_심플/NNP,1
7,교통/NNG_혼잡/NNG,-1
7,돌아오/VV_지옥/NNG,-1
7,편리/NNG_다녀오/VV,1
7,노선도/NNG_간단/XR,1
7,시장/NNG_근접/NNG,1
7,광장/NNG_연결/NNG,1
7,시장/NNG_근처/NNG,1
7,지하/NNG_이어지/VV,1
7,센텀시티/NNP_있/VV,1
7,센텀/NNP_위치/NNG,1
7,접근성/NNG_편하/VA,1
7,김해/NNP_연결/NNG,1
7,시장/NNG_인근/NNG,1
7,지하철역/NNG_멀/VA,-1
7,대교/NNP_개통/NNG,1
7,남포동/NNP_가깝/VA,1
7,해운대/NNG_가깝/VA,1
7,도심지/NNG_가깝/VA,1
7,광안리/NNP_가깝/VA,1
7,시장/NNG_가까워/VV,1
7,관광지/NNG_가깝/VA,1
7,부산역/NNP_가깝/VA,1
7,범일역/NNP_가깝/VA,1
7,편리/NNG_이동/NNG,1
7,외곽/NNG_위치/NNG,-1
7,방문/NNG_까다롭/VA,1
7,터미널/NNG_가깝/VA,1
7,지하철/NNG_편하/VV,1
7,기차역/NNG_가깝/VA,1
7,정차/NNG_편리/NNG,1
7,노선도/NNG_잘/MAG,1
7,번화가/NNG_가깝/VA,1
7,접근성/NNG_괜찮/VA,1
8,길가/NNG_주차/NNG,-1
8,도로/NNG_주차/NNG,-1
8,많/VA_주차시설/NNG,1
8,무료/NNG_주차/NNG,1
8,불편/NNG_주차/NNG,-1
8,주차/NNG_가능/NNG,1
8,주차/NNG_걱정/NNG,-1
8,주차/NNG_고민/NNG,-1
8,주차/NNG_곤란/NNG,-1
8,주차/NNG_골치/NNG,-1
8,주차/NNG_금지/NNG,-1
8,주차/NNG_대란/NNG,-1
8,주차/NNG_문제/NNG,-1
8,주차/NNG_복답/NNG,-1
8,주차/NNG_부담/NNG,-1
8,주차/NNG_불가/NNG,-1
8,주차/NNG_불가/NNG,-1
8,주차/NNG_불편/NNG,-1
8,주차/NNG_식겁/NNG,-1
8,주차/NNG_여유/NNG,1
8,주차/NNG_편리/NNG,1
8,주차/NNG_해결/NNG,1
8,주차/NNG_힘듦/NNG,-1
8,주차공간/NNG_널/VV,1
8,주차공간/NNG_넓/VA,1
8,주차공간/NNG_없/VA,-1
8,주차공간/NNG_좁/VA,-1
8,주차료/NNG_비싸/VA,-1
8,주차비/NNG_비싸/VA,-1
8,주차시설/NNG_많/VA,1
8,주차장/NNG_갖추/VV,1
8,주차장/NNG_협소/XR,-1
8,최악/NNG_주차/NNG,-1
8,친절/NNG_주차/NNG,1
8,갓길/NNG_주차/NNG,-1
8,차장/NNG_마련/NNG,1
9,공원/NNG_휴식/NNG,1
9,휴게실/NNG_갖추/VV,1
9,벤치/NNG_마련/NNG,1
9,힐링/NNG_공간/NNG,1
9,힐링/NNG_명소/NNG,1
9,물놀이터/NNG_있/VA,1
9,최고/NNG_휴식/NNG,1
9,휴식/NNG_가능/NNG,1
9,편안/NNG_휴식/NNG,1
9,벤치/NNG_휴식/NNG,1
9,상쾌/XR_삼림욕/NNG,1
9,시설/NNG_모자라/VV,-1
9,공간/NNG_모자라/VV,-1
9,공원/NNG_부족/NNG,-1
10,화장실/NNG_깨끗/XR,1
10,조용/XR_화장실/NNG,1
10,화장실/NNG_괜찮/VA,1
10,화장실/NNG_깔끔/XR,1
10,나쁘/VA_화장실/NNG,-1
10,화장실/NNG_허술/XR,-1
11,문화/NNG_탄생/NNG,1
11,역사/NNG_흥미/NNG,1
11,역사/NNG_유물/NNG,1
11,사찰/NNG_보존/NNG,1
11,역사/NNG_돌아보/VV,1
11,역사/NNG_가치/NNG,1
11,최고/NNG_사찰/NNG,1
11,역사/NNG_전통/NNG,1
12,아니/VCN_안심/NNG,-1
13,강추/NNG_아니/VCN,-1
13,방문/NNG_권장/NNG,1
13,아니/VCN_추천/NNG,-1
13,필수/NNG_코스/NNG,1
13,필수/NNG_방문/NNG,1
14,최적/NNG_장소/NNG,1
14,나들이/NNG_적당/XR,1
14,좋/VA_바닷바람/NNG,1
14,최고/NNG_야경/NNG,1
14,패션/NNG_좋아하/VV,1
14,바다/NNG_좋아하/VV,1
14,기대/NNG_이상/NNG,1
14,최고/NNG_바다/NNG,1
14,경치/NNG_최고/NNG,1
14,야경/NNG_명소/NNG,1
14,돌아다니/VV_괜찮/VA,1
14,경치/NNG_만끽/NNG,1
14,추억/NNG_완성/NNG,1
14,국내/NNG_최고/NNG,1
14,대박/NNG_야경/NNG,1
14,신비/NNG_경험/NNG,1
14,최고/NNG_공원/NNG,1
14,바닷바람/NNG_좋/VA,1
14,여행/NNG_좋아하/VV,1
14,산책/NNG_최고/NNG,1
14,사진/NNG_스팟/NNG,1
14,아이/NNG_흥미/NNG,1
14,괜찮/VA_기념관/NNG,1
14,추억/NNG_향기/NNG,1
14,가족/NNG_갈만/NNG,1
14,사진/NNG_맛집/NNG,1
14,느낌/NNG_추억/NNG,1
14,효율/NNG_방문/NNG,1
14,판타/NNG_스틱/NNG,1
14,경험/NNG_보장/NNG,1
14,데이트/NNG_짱/NNG,1
14,재미/NNG_시간/NNG,1
14,해수욕장/NNG_좋/VA,1
14,야경/NGG_아름답/VA,1
14,필수/NNG_코스/NNG,1
14,방문/NNG_필수/NNG,1
14,풍경/NNG_아름답/VA,1
14,풍경/NNG_최고/NNG,1
14,기분/NNG_전환/NNG,1
14,기분/NNG_최고/NNG,1
14,풍광/NNG_아름답/VA,1
14,편안/NNG_산책/NNG,1
14,바다/NNG_산책/NNG,1
14,아이/NNG_산책/NNG,1
14,가족/NNG_추천/NNG,1
14,연인/NNG_추천/NNG,1
14,추천/NNG_연인/NNG,1
14,추천/NNG_부모/NNG,1
14,아이/NNG_추천/NNG,1
14,산책/NNG_추천/NNG,1
14,강추/NNG_산책/NNG,1
14,산책/NNG_강추/NNG,1
14,추천/NNG_산책/NNG,1
14,최고/NNG_해변/NNG,1
14,산책/NNG_최적/NNG,1
14,야경/NNG_환상/NNG,0
14,분위기/NNG_나쁘/VA,-1
14,방문/NNG_안타깝/VA,-1
14,썰렁/XR_포토스/NNP,-1
14,아니/VCN_매력/NNG,-1
0,다양/XR_종류/NNG,1
0,시장/NNG_다양/XR,1
0,노점상/NNG_많/VA,1
0,브랜드/NNG_많/VA,1
0,쇼핑/NNG_괜찮/VA,1
0,느긋/XR_쇼핑/NNG,1
0,잡상인/NNG_없/VA,1
0,다양/XR_작품/NNG,1
0,다양/XR_가게/NNG,1
0,깨끗/XR_쇼핑/NNG,1
0,다양/XR_쇼핑/NNG,1
0,다양/XR_상점/NNG,1
0,많/VA_노점상/NNG,1
0,많/VA_번화가/NNG,1
0,수많/VA_노점/NNG,1
0,다양/XR_외제/NNG,1
0,쇼핑/NNG_즐기/VV,1
0,과자/NNG_다양/XR,1
0,둘러보/VV_괜찮/VA,1
0,수많/VA_상점/NNG,1
0,쇼핑/NNG_지치/VV,-1
0,쇼핑/NNG_세련/XR,1
0,많/VA_잡상인/NNG,-1
0,잡상인/NNG_많/VA,-1
0,다양/XR_매장/NNG,1
0,구경/NNG_다양/XR,1
0,복잡/XR_물건/NNG,-1
0,다양/XR_물건/NNG,1
0,섹션/NNG_다양/XR,1
0,쇼핑/NNG_용이/XR,1
0,많/VA_기념품/NNG,1
0,이용/NNG_다양/XR,1
0,아쉽/VA_영업/NNG,-1
0,다양/XR_중고/NNG,1
0,구성/NNG_조악/XR,-1
0,다양/XR_잡화/NNG,1
0,쇼핑몰/NNG_많/VA,1
0,굿/NNG_쇼핑/NNG,1
0,쇼핑/NNG_다양/XR,1
0,쾌적/XR_쇼핑/NNG,1
0,살거리/NNG_많/VA,1
0,공예품/NNG_있/VV,1
0,생필품/NNG_있/VV,1
0,기념물/NNG_있/VA,1
0,기념품/NNG_있/VV,1
0,볼거리/NNG_많/VA,1
0,다양/XR_중고/NNG,1
0,가게/NNG_즐비/XR,1
0,재미있/VA_곳/NNG,1
0,재밌/VA_구경/NNG,1
0,재밌/VA_상점/NNG,1
0,즐겁/VA_구경/NNG,1
0,기념물/NNG_있/VA,1
0,화장품/NNG_있/VV,1
0,볼거리/NNG_있/VV,1
0,볼거리/NNG_있/VA,1
0,다양/XR_시장/NNG,1
0,좋/VA_볼거리/NNG,1
1,카페/NNG_괜찮/VA,1
1,좋/VA_커피숍/NNG,1
1,맛있/VA_커피/NNG,1
1,카페/NNG_맛있/VA,1
1,커피/NNG_맛있/VA,1
1,커피숍/NNG_좋/VA,1
1,맛/NNG_보장/NNG,1
1,채취/NNG_신선/XR,1
1,신선/XR_활어/NNG,1
1,음식/NNG_깔끔/XR,1
1,음식/NNG_나쁘/VA,-1
1,쏠쏠/XR_어묵/NNG,1
1,추억/NNG_맛/NNG,1
1,음식점/NNG_좋/VA,1
1,맛/NNG_일품/NNG,1
1,통닭/NNG_유명/XR,1
1,신선/XR_알탕/NNG,1
1,튀김/NNG_신선/XR,1
1,즐거우/VV_입/NNG,1
1,간/NNG_자극/NNG,-1
1,맛/NNG_색달/NNG,1
1,팥빙수/NNP_좋/VA,1
1,침/NNG_넘어가/VV,1
1,국물/NNG_끝나/VV,1
1,먹거리/NNG_좋/VA,1
1,먹을만/NNG_않/VX,-1
1,맛/NNG_엄지/NNG,1
1,맛있/VA_음식/NNG,1
1,맛있/VA_어묵/NNG,1
1,맛있/VA_떡집/NNG,1
1,맛있/VA_횟집/NNG,1
1,음료/NNG_맛있/VA,1
2,음식점/NNG_많/VA,1
2,먹거리/NNG_많/VA,1
2,맛집/NNG_즐비/XR,1
2,많/VA_커피숍/NNG,1
2,커피숍/NNG_많/VA,1
2,중국집/NNG_많/VA,1
2,많/VA_분식집/NNG,1
2,먹거리/NNG_없/VA,-1
2,까페/NNG_즐비/XR,1
2,다양/XR_음식/NNG,1
2,많/VA_먹거리/NNG,1
2,생선/NNG_다양/XR,1
2,요리점/NNG_많/VA,1
2,다양/XR_생선/NNG,1
2,다양/XR_메뉴/NNG,1
2,다양/XR_식당/NNG,1
2,음식/NNG_풍부/XR,1
2,카페/NNG_즐비/XR,1
2,음식점/NNG_없/VA,-1
2,맛보/VV_재미/NNG,1
2,해산물/NNG_많/VA,1
2,음식점/NNG_없/VA,-1
2,먹거리/NNG_있/VA,1
2,식사/NNG_힘들/VA,-1
2,먹거리/NNG_있/VA,1
2,수많/VA_횟집/NNG,1
2,횟집/NNG_즐비/XR,1
2,카페/NNG_줄지/VV,1
2,카페/NNG_모이/VV,1
2,먹거리/NNG_있/VV,1
2,먹/NNG_다양/NNG,1
2,음식점/NNG_많/VA,1
3,반/NNG_가격/NNG,1
3,비싸/VA_추천/NNG,1
3,가격/NNG_가볍/VA,1
3,가격/NNG_재밌/VA,1
3,성비/NNG_괜찮/VA,1
3,굿/NNG_성비/NNG,1
3,저렴/XR_아니/VCN,-1
3,괜찮/VA_가격/NNG,1
3,가격/NNG_괜찮/VA,1
3,좋/VA_가격대/NNG,1
3,복잡/XR_요금/NNG,-1
3,좋/VA_입장료/NNG,1
3,적당/XR_가격/NNG,1
3,가격/NNG_렴/NNG,1
3,좋/VA_교통비/NNG,1
3,비싸/VA_만족/NNG,1
3,비싸/VA_특별/NNG,1
3,가격대/NNG_있/VV,-1
3,탁월/XR_물가/NNG,1
3,가격/NNG_치솟/VV,-1
3,바가지/NNG_없/VA,1
3,나쁘/VA_가격/NNG,-1
3,입장료/NNG_없/VA,1
3,가격/NNG_착하/VA,1
3,가성비/NNG_좋/VA,1
3,가성비/NNG_뛰/VV,1
3,착하/VA_가격/NNG,1
3,가격/NNG_오르/VV,-1
3,가격/NNG_치솟/VV,-1
3,가격/NNG_저렴/XR,1
4,음식/NNG_저렴/XR,1
4,카페/NNG_비싸/VA,-1
4,비싸/VA_위생/NNG,-1
4,저렴/XR_회도/NNG,1
4,식대/NNG_저렴/XR,1
4,커피/NNG_비싸/VA,-1
4,어묵/NNG_저렴/XR,1
4,저렴/XR_과일/NNG,1
4,식품/NNG_저렴/XR,1
4,구이/NNG_저렴/XR,1
4,횟감/NNG_저렴/XR,1
4,저렴/XR_횟집/NNG,1
4,음식점/NNG_싸/VA,1
4,과일/NNG_저렴/XR,1
4,저렴/XR_시장/NNG,1
4,요리/NNG_저렴/XR,1
4,저렴/XR_김치/NNG,1
4,음식/NNG_비싸/VA,-1
4,비싸/VA_양파/NNG,-1
4,비싸/VA_배부르/VV,-1
4,식당/NNG_저렴/XR,1
4,저렴/XR_음식/NNG,1
4,저렴/XR_식사/NNG,1
4,음식/NNG_비싸/VA,-1
4,비싸/VA_음식/NNG,-1
4,간식/NNG_비싸/VA,-1
4,저렴/XR_밥집/NNG,1
4,시장/NNG_비싸/VA,-1
4,수산물/NNG_싸/VA,1
4,오뎅/NNG_비싸/VA,-1
4,시장/NNG_저렴/XR,1
4,떡볶이/NNG_싸/VA,1
5,물건/NNG_저렴/XR,1
5,상품/NNG_저렴/XR,1
5,카봉/NNP_저렴/XR,1
5,저렴/XR_물건/NNG,1
5,저렴/XR_득템/NNG,1
5,넥타이/NNG_싸/VA,1
5,의료품/NNG_싸/VA,1
5,물품/NNG_저렴/XR,1
5,저렴/XR_구매/NNG,1
5,수건/NNG_쌈/NNG,1
6,서비스/NNG_좋/VA,1
6,서비스/NNG_주/VV,1
6,안내원/NNG_없/VA,-1
6,알바/NNP_착하/VA,1
6,행패/NNG_심하/VA,-1
6,잡상인/NNG_없/VA,1
7,갈아타/VV_가깝/VA,1
7,갈아타/VV_편하/VA,1
7,괜찮/VA_교통/NNG,1
7,교통/NNG_복잡/XR,-1
7,교통/NNG_편하/VA,1
7,교통량/NNG_많/VA,-1
7,길/NNG_걱정/NNG,-1
7,길/NNG_번거롭/VA,-1
7,다양/XR_노선/NNG,1
7,들어가/VV_어렵/VA,-1
7,막히/VV_거리/NNG,-1
7,많/VA_교통편/NNG,1
7,많/VA_지하철/NNG,1
7,버스/NNG_괜찮/VA,1
7,버스/NNG_편하/VA,1
7,빠르/VA_이동/NNG,1
7,빠르/VA_편리/NNG,1
7,역/NNG_떨어지/VV,-1
7,역/NNG_연결/NNG,1
7,연결/NNG_편하/VA,1
7,열차/NNG_다니/VV,1
7,위치/NNG_굿/NNG,1
7,위치/NNG_아쉽/VA,-1
7,이동/NNG_걸리/VV,-1
7,이동/NNG_편하/VA,1
7,이동성/NNP_좋/VA,1
7,있/VV_접근성/NNG,1
7,자가/NNG_괜찮/VA,1
7,접근/NNG_수월/XR,1
7,접근/NNG_용이/XR,1
7,접근/NNG_편하/VA,1
7,접근성/NNG_적/VA,-1
7,접근성/NNG_좋/VA,1
7,정류장/NNG_있/VA,1
7,좁/VA_골목길/NNG,-1
7,좋/VA_노선도/NNG,1
7,좋/VA_접근성/NNG,1
7,지하철/NNG_멀/VA,-1
7,지하철/NNG_쉽/VA,1
7,지하철/NNG_없/VA,-1
7,지하철/NNG_있/VV,1
7,차/NNG_추천/NNG,1
7,차량/NNG_복잡/XR,-1
7,찾아가/VV_복잡/XR,-1
7,찾아가/VV_애매/XR,-1
7,찾아가/VV_어렵/VA,-1
7,편리/NNG_다니/VV,1
7,환승/NNG_편하/VA,1
7,시장/NNG_옆/NNG,1
7,방문/NNG_편하/VA,1
7,노선도/NNG_쉽/VA,1
7,철도/NNG_뚫리/VV,1
7,노선도/NNG_적/VA,-1
7,찾기/NNP_어렵/VA,-1
7,깔끔/XR_라인/NNG,1
7,찾아가/VV_힘들/VA,-1
7,찾아가/VV_용이/XR,1
7,시내/NNG_가깝/VA,1
7,도심/NNG_가깝/VA,1
7,도시/NNG_가깝/VA,1
7,역/NNG_가까워/VV,1
7,서면/NNG_가깝/VA,1
7,시장/NNG_가깝/VA,1
7,해변/NNG_가깝/VA,1
7,공항/NNG_가깝/VA,1
7,접근/NNG_괜찮/VA,1
7,다양/XR_노선/NNG,1
7,위치/NNG_묘하/VA,0
8,괜찮/VA_주차/NNG,1
8,넓/VA_주차장/NNG,1
8,막히/VV_주차/NNG,-1
8,막히/VV_진입/NNG,-1
8,많/VA_주차장/NNG,1
8,뻔뻔/XR_주차/NNG,-1
8,쉽/VA_주차장/NNG,1
8,작/VA_주차장/NNG,-1
8,좋/VA_주차장/NNG,1
8,주차/NNG_빡빡/XR,-1
8,주차/NNG_애먹/VV,-1
8,주차/NNG_어렵/VA,-1
8,주차/NNG_용이/XR,1
8,주차/NNG_편하/VA,1
8,주차/NNG_헬/NNP,-1
8,주차/NNG_흠/NNG,-1
8,주차/NNG_힘드/VA,-1
8,주차/NNG_힘들/VA,-1
8,주차비/NNG_없/VA,1
8,주차장/NNG_넓/VA,1
8,주차장/NNG_멀/VA,-1
8,주차장/NNG_없/VA,-1
8,주차장/NNG_있/VA,1
8,주차장/NNG_있/VV,1
8,주차장/NNG_좁/VA,-1
8,주차장/NNG_좋/VA,1
8,힘들/VA_주차/NNG,-1
8,주차장/NNG_차/VV,-1
8,주차료/NNG_내/VV,-1
9,편하/VA_공원/NNG,1
9,있/VV_놀이터/NNG,1
9,삼림욕/NNG_있/VV,1
9,놀이터/NNG_있/VA,1
9,편의점/NNG_있/VA,1
9,휴게실/NNG_넓/VA,1
9,좋/VA_휴게실/NNG,1
9,조용/XR_공원/NNG,1
9,넓/VA_휴식처/NNG,1
9,있/VV_휴게실/NNG,1
9,휴게실/NNG_있/VV,1
9,곳/NNG_힐링/NNG,1
9,휴식/NNG_취하/VV,1
9,좋/VA_편의점/NNG,1
9,조용/XR_공간/NNG,1
9,조용/XR_휴식/NNG,1
9,휴식처/NNG_많/VA,1
9,놀이터/NNG_작/VA,-1
9,편의점/NNG_없/VA,-1
9,휴지통/NNG_없/VA,-1
9,테이블/NNG_없/VA,-1
10,좋/VA_화장실/NNG,1
10,화장실/NNG_좋/VA,1
10,화장실/NNG_많/VA,1
10,화장실/NNG_있/VV,1
10,화장실/NNG_크/VA,1
10,화장실/NNG_멀/VA,-1
10,화장실/NNG_적/VA,-1
10,화장실/NNG_없/VA,-1
11,문화/NNG_유명/XR,1
11,근대사/NNG_있/VV,1
11,훌륭/XR_사찰/NNG,1
13,감상/NNG_세요/VV,1
13,구경/NNG_세요/VV,1
13,꼭/MAG_구경/NNG,1
13,꼭/MAG_다녀오/VV,1
13,꼭/MAG_둘러보/VV,1
13,꼭/MAG_방문/NNG,1
13,꼭/MAG_올라가/VV,1
13,꼭/MAG_찾아오/VV,1
13,놀러오/VV_세요/VV,1
13,놓치/VV_마세요/VV,1
13,다녀오/VV_세요/VV,1
13,둘러보/VV_세요/VV,1
13,드/VV_어떠세요/VA,1
13,반드시/MAG_가/VV,1
13,반드시/MAG_걸/VV,1
13,반드시/MAG_드/VV,1
13,반드시/MAG_하/VV,1
13,방문/NNG_권하/VV,1
13,방문/NNG_세요/VV,1
13,산책/NNG_세요/VV,1
13,쇼핑/NNG_세요/VV,1
13,올라가/VV_세요/VV,1
13,주문/NNG_세요/VV,1
13,무조건/MAG_가/VV,1
13,꼭/MAG_이용/NNG,1
13,이용/NNG_세요/VV,1
13,즐기/VV_어떨지/VA,1
13,가지/VV_마세요/VV,-1
14,나들이/NNG_좋/VA,1
14,데이트/NNG_좋/VA,1
14,좋/VA_바닷가/NNG,1
14,온천물/NNG_좋/VA,1
14,경관/NNG_예쁘/VA,1
14,스토리/NNG_좋/VA,1
14,꽃구경/NNG_좋/VA,1
14,하이킹/NNG_좋/VA,1
14,경치/NNG_멋지/VA,1
14,물놀이/NNG_좋/VA,1
14,걸어다니/VV_좋/VA,1
14,좋/VA_유람선/NNG,1
14,절경/NNG_멋있/VA,1
14,활기/NNG_곳/NNG,1
14,지나치/VA_섭섭/XR,1
14,경관/NNG_훌륭/XR,1
14,훌륭/XR_경치/NNG,1
14,야경/NNG_괜찮/VA,1
14,뜻깊/VA_추억/NNG,1
14,괜찮/VA_날씨/NNG,1
14,장소/NNG_굿/NNG,1
14,인기/NNG_짱/NNG,1
14,컨텐츠/NNG_좋/VA,1
14,행사/NNG_괜찮/VA,1
14,탐방/NNG_잼/NNG,1
14,즐겁/VA_산책/NNG,1
14,장소/NNG_괜찮/VA,1
14,갤러리/NNG_좋/VA,1
14,좋아하/VV_곳/NNG,1
14,방문/NNG_깨끗/XR,1
14,바닷길/NNG_좋/VA,1
14,좋/VA_여행지/NNG,1
14,트래킹/NNG_좋/VA,1
14,환상/NNG_뷰/NNP,1
14,추억/NNG_그리/VV,1
14,사진/NNG_멋지/VA,1
14,여행/NNG_적합/XR,1
14,힙/NNP_느낌/NNG,1
14,적합/XR_코스/NNG,1
14,멋지/VA_극찬/NNG,1
14,느낌/NNG_힙/NNP,1
14,피로/NNG_날리/VV,1
14,깨끗/XR_경치/NNG,1
14,의미/NNG_곳/NNG,1
14,좋/VA_나들이/NNG,1
14,분위기/NNG_좋/VA,1
14,좋/VA_분위기/NNG,1
14,분위기/NNG_있/VV,1
14,경치/NNG_멋있/VA,1
14,풍경/NNG_멋있/VA,1
14,넓/VA_산책로/NNG,1
14,산책로/NNG_잘/VA,1
14,산책로/NNG_걸/VV,1
14,눈/NNG_즐거우/VV,1
14,좋/VA_산책로/NNG,1
14,뷰/NNP_환상/NNG,1
14,둘러보/VV_괜찮/VA,1
14,재미/NNG_쏠쏠/XR,1
14,쏠쏠/XR_재미/NNG,1
14,돌아다니/VV_좋/VA,1
14,좋/VA_전망대/NNG,1
14,좋/VA_정원/NNG ,1
14,서비스/NNG_좋/VA,1
14,밤바다/NNG_좋/VA,1
14,신선/XR_느낌/NNG,1
14,완벽/NNG_곳/NNG,1
14,적합/XR_장소/NNG,0
14,아니/VCN_훌륭/XR,-1
14,적합/XR_아니/VCN,-1
14,방문/NNG_힘들/VA,-1
14,즐거움/NNG_않/VX,-1
14,후회/NNG_안/MAG,1
0,쇼핑/NNG_좋/VA,1
0,구경/NNG_좋/VA,1
0,많/VA_구경/NNG,1
0,많/VA_쇼핑/NNG,1
0,상점/NNG_많/VA,1
0,다양/NNG_좋/VA,1
0,물건/NNG_많/VA,1
0,상품/NNG_없/VA,-1
0,종류/NNG_많/VA,1
0,좋/VA_상점/NNG,1
0,많/VA_상점/NNG,1
0,좋/VA_쇼핑/NNG,1
0,많/VA_물건/NNG,1
0,서점/NNG_많/VA,1
0,매장/NNG_좋/VA,1
0,품목/NNG_많/VA,1
0,다양/XR_옷/NNG,1
0,노점/NNG_많/VA,1
0,넓/VA_쇼핑/NNG,1
0,많/VA_가게/NNG,1
0,쇼핑/NNG_크/VA,1
0,물건/NNG_없/VA,-1
0,많/VA_종류/NNG,1
0,다양/NNG_팔/VV,1
0,매장/NNG_많/VA,1
0,가게/NNG_없/VA,-1
0,쉽/VA_쇼핑/NNG,1
0,몰/NNG_다양/XR,1
0,샵/NNP_즐비/XR,1
0,다양/XR_샵/NNP,1
0,낡/VA_물건/NNG,-1
0,노점/NNG_없/VA,-1
0,상업/NNG_좋/VA,1
0,쇼핑/NNG_넓/VA,1
0,사기/NNG_좋/VA,1
0,층/NNG_다양/XR,1
0,구경/NNG_있/VA,1
0,제품/NNG_있/VV,1
0,쇼핑/NNG_많/VA,1
0,많/VA_좌판/NNG,1
0,점포/NNG_많/VA,1
0,다양/XR_놀/NNG,1
0,체험/NNG_좋/VA,1
0,쇼핑/NNG_있/VV,1
0,상점/NNG_있/VA,1
0,가게/NNG_있/VA,1
1,카페/NNP_좋/VA,1
1,좋/VA_카페/NNP,1
1,맛집/NNG_없/VA,-1
1,좋/VA_음식/NNG,1
1,소박/XR_맛/NNG,1
1,먹/VV_특별/NNG,1
1,입맛/NNG_맞/VV,1
1,좋/VA_냄새/NNG,1
1,해물/NNG_좋/VA,1
1,신선/XR_맛있/VA,1
1,맛/NNG_신선/XR,1
1,좋/VA_어묵/NNG,1
1,좋/VA_해물/NNG,1
1,유명/XR_맛/NNG,1
1,좋/VA_식사/NNG,1
1,저렴/XR_맛/NNG,-1
1,맛/NNG_나쁘/VA,-1
1,맛/NNG_집/NNG,1
1,카페/NNG_좋/VA,1
1,김밥/NNG_짜/VV,-1
1,맛/NNG_괜찮/VA,1
1,먹/VV_감동/NNG,1
1,먹을만/VA_않/VX,-1
1,오뎅/NNG_좋/VA,1
1,내장/NNG_쓰/VV,-1
1,회/NNG_죽이/VV,1
1,진득/XR_맛/NNG,1
1,못/MAG_맛/NNG,-1
1,음식/NNG_좋/VA,1
1,존/NNP_맛/NNG,1
1,맛있/VA_곳/NNG,1
1,맛/NNG_즐기/VV,1
2,맛집/NNG_있/VA,1
2,맛집/NNG_있/VV,1
2,맛집/NNG_가/VV,1
2,음식/NNG_많/VA,1
2,카페/NNG_많/VA,1
2,맛집/NNG_많/VA,1
2,많/VA_맛집/NNG,1
2,많/VA_식당/NNG,1
2,많/VA_카페/NNG,1
2,까페/NNG_많/VA,1
2,술집/NNG_많/VA,1
2,많/VA_카페/NNP,1
2,맛집/NNG_없/VA,-1
2,많/VA_술집/NNG,1
2,중식/NNG_많/VA,1
2,많/VA_국밥/NNG,1
2,많/VA_찻집/NNG,1
2,먹/VV_넘쳐나/VV,1
2,맛있/VA_다양/XR,1
2,횟집/NNG_많/VA,1
2,빵집/NNG_많/VA,1
2,식당/NNG_많/VA,1
2,카페/NNP_많/VA,1
2,야식/NNG_많/VA,1
2,카페/NNP_있/VV,1
2,까페/NNG_있/VA,1
2,분식/NNG_많/VA,1
2,식당/NNG_없/VA,-1
2,찌짐/NNG_많/VA,1
3,할인/NNG_받/VV,1
3,할인/NNG_없/VA,-1
3,할인/NNG_되/VV,1
3,좋/VA_구매/NNG,1
3,많/VA_유료/NNG,-1
3,비싸/VA_괜찮/VA,1
3,성비/NNG_좋/VA,1
3,좋/VA_가격/NNG,1
3,가격/NNG_좋/VA,1
3,가격/NNG_싸/VA,1
3,가격/NNG_높/VA,-1
3,적/VA_가격/NNG,1
3,좋/VA_금액/NNG,1
3,비용/NNG_좋/VA,1
3,절약/NNG_좋/VA,1
3,요금/NNG_없/VA,1
3,무료/NNG_없/VA,-1
3,무료/NNG_없/VA,-1
3,공짜/NNG_같/VA,1
3,가격/NNG_높/VA,-1
3,가격/NNG_있/VA,-1
3,유료/NNG_되/VV,-1
4,저렴/XR_맛있/VA,1
4,맛있/VA_저렴/XR,1
4,회도/NNG_싸/VA,1
4,싸/VA_고기/NNG,1
4,푸짐/XR_저렴/XR,1
4,음식/NNG_싸/VA,1
4,싸/VA_회도/NNG,1
4,저렴/XR_장/NNG,1
4,회/NNG_저렴/XR,1
4,먹/VV_무료/NNG,1
4,밥/NNG_저렴/XR,1
4,비싸/VA_맛/NNG,-1
4,싱싱/XR_저렴/XR,1
4,싸/VA_커피/NNG,1
4,국밥/NNG_싸/VA,1
4,싸/VA_비빔/NNG,1
4,저렴/XR_푸짐/XR,1
4,무료/NNG_먹/VV,1
4,횟집/NNG_싸/VA,1
4,저렴/XR_회/NNG,1
4,저렴/XR_맛/NNG,1
4,싸/VV_구입/NNG,1
4,저렴/XR_마시/VV,1
4,시장/NNG_싸/VA,1
5,신발/NNG_싸/VV,1
5,잡화/NNG_싸/VV,1
5,저렴/XR_옷/NNG,1
5,옷/NNG_저렴/XR,1
5,싸/VA_선물/NNG,1
5,제품/NNG_싸/VV,1
5,가게/NNG_싸/VA,1
5,싸/VA_품질/NNG,-1
6,스탭/NNG_좋/VA,1
6,없/VA_친절/NNG,-1
6,요원/NNG_없/VA,-1
6,인심/NNG_없/VA,-1
6,인심/NNG_있/VA,1
6,인심/NNG_있/VV,1
6,인심/NNG_좋/VA,1
6,점원/NNG_웃/VV,1
6,직원/NNG_없/VA,-1
6,친절/NNG_않/VX,-1
6,인심/NNG_많/VA,1
7,가/VV_멉니다/VA,-1
7,가/VV_편리/NNG,1
7,가/VX_힘듬/NNG,-1
7,거리/NNG_멀/VA,-1
7,교통/NNG_좋/VA,1
7,길/NNG_막막/XR,-1
7,길/NNG_막히/VV,-1
7,길/NNG_어렵/VA,-1
7,노선/NNG_많/VA,1
7,노선/NNG_있/VA,1
7,노선/NNG_좋/VA,1
7,노선/NNP_많/VA,1
7,도로/NNG_좁/VA,-1
7,도심/NNG_멀/VA,-1
7,많/VA_노선/NNG,1
7,버스/NNG_많/VA,1
7,버스/NNG_없/VA,-1
7,버스/NNG_있/VA,1
7,버스/NNG_있/VV,1
7,쉽/VA_접근/NNG,1
7,없/VA_택시/NNG,-1
7,역/NNG_가깝/VA,1
7,역과/NNG_멀/VA,-1
7,연결/NNG_되/VV,1
7,연결/NNG_좋/VA,1
7,위치/NNG_멀/VA,-1
7,위치/NNG_좋/VA,1
7,위치/NNP_좋/VA,1
7,이동/NNG_쉽/VA,1
7,있/VA_버스/NNG,1
7,잘/VA_환승/NNG,1
7,잦/VA_운행/NNG,1
7,접근/NNG_쉽/VA,1
7,접근/NNG_좋/VA,1
7,좁/VA_계단/NNG,-1
7,좁/VA_교통/NNG,-1
7,좋/VA_교통/NNG,1
7,좋/VA_환승/NNG,1
7,차/NNG_막히/VV,-1
7,차/NNG_붐비/VV,-1
7,찾/VV_한참/NNG,-1
7,찾아가/VV_쉽/VA,1
7,환승/NNG_되/VV,1
7,환승/NNG_좋/VA,1
7,환승/NNG_있/VV,1
7,버스/NNG_걷/VV,-1
7,버스/NNG_늦/VA,-1
7,오/VV_편리/NNG,1
7,멀리/MAG_있/VV,-1
7,위치/NNP_좋/VA,1
7,찾아가/VV_좋/VA,1
7,멀/VA_거리/NNG,-1
7,시내/NNG_멀/VA,-1
7,골목/NNG_좁/VA,-1
8,넓/VA_주차/NNG,1
8,좁/VA_주차/NNG,-1
8,좋/VA_주차/NNG,1
8,주차/NNG_쉽/VA,1
8,주차/NNG_없/VA,-1
8,주차/NNG_좋/VA,1
9,의자/NNG_있/VA,1
9,벤치/NNG_앉/VV,1
9,휴식/NNG_좋/VA,1
9,휴식/NNG_있/VV,1
9,편안/NNG_있/VV,1
9,좋/VA_휴식/NNG,1
9,벤치/NNG_있/VA,1
9,편안/NNG_좋/VA,1
9,벤치/NNG_많/VA,1
9,넓/VA_공터/NNG,1
9,매점/NNG_있/VA,1
9,좋/VA_광장/NNG,1
9,자리/NNG_없/VA,-1
11,전통/NNG_있/VV,1
11,역사/NNG_있/VV,1
12,안전/NNG_없/VA,-1
12,위험/NNG_않/VX,1
13,가/VV_마세요/VV,-1
13,꼭/MAG_가시/VV,1
13,꼭/MAG_가시/VV,1
13,꼭/MAG_들리/VV,1
13,꼭/MAG_즐기/VV,1
13,드/VV_마세요/VV,-1
13,들르/VV_세요/VV,1
13,들리/VV_세요/VV,1
13,싫/VA_추천/NNG,-1
13,없/VA_추천/NNG,-1
13,즐기/VV_바라/VV,1
13,즐기/VV_세요/VV,1
13,추천/NNG_않/VX,-1
13,피하/VV_세요/VV,-1
13,오르/VV_세요/VV,1
13,강/NNG_추/NNG,1
13,맛보/VV_세요/VV,1
13,즐기/VV_세요/VV,1
13,오/VV_마세요/VV,-1
13,느끼/VV_세요/VV,1
14,인상/NNG_깊/VA,1
14,산책/NNG_좋/VA,1
14,방문/NNG_좋/VA,1
14,의미/NNG_있/VV,1
14,느낌/NNG_좋/VA,1
14,올라가/VV_좋/VA,1
14,감상/NNG_좋/VA,1
14,좋/VA_코스/NNG,1
14,좋/VA_추억/NNG,1
14,공원/NNG_좋/VA,1
14,좋/VA_방문/NNG,1
14,경관/NNG_좋/VA,1
14,좋/VA_자연/NNG,1
14,좋/VA_벚꽃/NNG,1
14,경험/NNG_좋/VA,1
14,돌아보/VV_좋/VA,1
14,애기/NNG_좋/VA,1
14,전경/NNG_좋/VA,1
14,지나가/VV_좋/VA,1
14,좋/VA_만족/NNG,1
14,좋/VA_기분/NNG,1
14,좋/VA_다리/NNG,1
14,뷰/NNP_멋있/VA,1
14,유명/XR_경치/VV,1
14,투숙/NNG_좋/VA,1
14,좋/VA_인상/NNG,1
14,좋/VA_고찰/NNG,1
14,산세/NNG_좋/VA,1
14,두근대/VV_좋/VA,1
14,사색/NNG_좋/VA,1
14,찾아보/VV_좋/VA,1
14,상상/NNG_좋/VA,1
14,운행/NNG_좋/VA,1
14,인기/NNG_끌/VV,1
14,쉬/VV_최적/NNG,1
14,여정/NNG_좋/VA,1
14,좋/VA_벽화/NNG,1
14,견학/NNG_좋/VA,1
14,찍/VV_좋아하/VV,1
14,야경/NNG_좋/VA,1
14,좋/VA_경치/NNG,1
14,좋/VA_장소/NNG,1
14,구경/NNG_좋/VA,1
14,둘러보/VV_좋/VA,1
14,바라보/VV_좋/VA,1
14,여행/NNG_좋/VA,1
14,좋/VA_공연/NNG,1
14,날씨/NNG_좋/VA,1
14,좋/VA_날씨/NNG,1
14,가치/NNG_있/VA,1
14,필수/NNG_가/VV,1
14,경치/NNG_좋/VA,1
14,코스/NNG_좋/VA,1
14,풍경/NNG_좋/VA,1
14,좋/VA_풍경/NNG,1
14,기분/NNG_좋/VA,1
14,걷/VV_추천/NNG,1
14,전망/NNG_좋/VA,1
14,찍/VV_필수/NNG,1
14,풍광/NNG_좋/VA,1
14,좋/VA_야경/NNG,1
14,좋/VA_산책/NNG,1
14,다녀오/VV_좋/VA,1
14,시설/NNG_좋/VA,1
14,관람/NNV_좋/VA,1
14,온천/NNG_좋/VA,1
14,후회/NNG_없/VA,1
14,재미/NNG_있/VA,1
14,특색/NNG_있/VV,1
14,유익/XR_곳/NNG,1
14,기억/NNG_남/VV,1
14,좋/VA_바다/NNG,1
14,공기/NNG_좋/VA,1
14,좋/VA_공원/NNG,1
14,관광/NNG_좋/VA,1
14,좋/VA_전시/NNG,1
14,친절/NNG_좋/VA,1
14,인심/NNG_좋/VA,1
14,좋/VA_여행/NNG,1
14,특색/NNG_없/VA,-1
14,나쁘/VA_한적/XR,-1
14,좋/VA_아니/VCN,-1
14,특별/NNG_없/VA,-1
14,안/MAG_이쁘/VA,-1
14,안/MAG_예쁘/VA,-1
14,권유/NNG_않/VX,-1
14,아름답/VA_않/VX,-1
14,실망/NNG_않/VX,1
14,안/MAG_복잡/XR,1
14,후회/NNG_않/VX,1
0,좋/VA_다양/XR,1
0,옷/NNG_많/VA,1
0,많/VA_옷/NNG,1
0,많/VA_책/NNG,1
0,템/NNG_많/VA,1
0,많/VA_템/NNG,1
0,많/VA_다양/XR,1
0,샵/NNP_있/VA,1
1,많/VA_맛/NNG,1
1,맛/NNG_있/VV,1
1,맛/NNG_좋/VA,1
1,맛/NNG_있/VA,1
1,맛/NNG_없/VA,-1
1,맛/NNG_잇/VV,1
1,먹/VV_괜찮/VA,1
1,없/VA_맛/NNG,-1
1,맛있/VA_않/VX,-1
1,맛/NNG_달/VV,-1
1,먹/VV_말리/VV,-1
1,먹/VV_버리/VV,-1
1,잘/MAG_먹/VV,1
1,잘/MAG_드/VV,1
1,맛/NNG_뛰/VV,1
2,맛있/VA_많/VA,1
2,소소/XR_먹/VV,1
2,즐비/XR_먹/VV,1
2,맛있/VA_많/VA,1
2,맛있/VA_없/VA,-1
3,값/NNG_깎/VV,1
3,저렴/XR_않/VX,-1
3,비싸/VA_않/VX,1
3,비싸/VA_않/VX,1
4,싸/VA_맛있/VA,1
4,싸/VA_푸짐/XR,1
4,찜/NNG_싸/VA,1
4,저렴/XR_맵/VA,1
4,비싸/VA_먹/VV,-1
4,저렴/XR_먹/VV,1
4,싸/VA_회/NNG,1
4,싸/VV_맛있/VA,1
4,싸/VA_양/NNG,1
4,먹/VV_저렴/XR,1
4,회/NNG_싸/VV,1
5,싸/VA_옷/NNG,1
5,옷/NNG_싸/VV,1
7,길/NNG_멀/VA,-1
7,멀/VA_곳/NNG,-1
7,역/NNG_멀/VA,-1
7,차/NNG_많/VA,-1
7,편하/VA_오/VV,1
7,차/NNG_많/VA,-1
7,멀/VA_길/NNG,-1
9,편하/VA_좋/VA,1
9,쉬/VV_적당/XR,1
9,좁/VA_쾌쾌/XR,-1
12,무섭/VA_않/VX,1
13,가/VV_바라/VV,1
13,가/VV_세요/VV,1
13,걸/VV_세요/VV,1
13,권/NNG_하/VV,1
13,꼭/MAG_가/VV,1
13,꼭/MAG_걸/VV,1
13,꼭/MAG_드/VV,1
13,꼭/MAG_먹/VV,1
13,꼭/MAG_보/VV,1
13,꼭/MAG_보/VV,1
13,꼭/MAG_빌/VV,1
13,꼭/MAG_오/VV,1
13,꼭/MAG_타/VV,1
13,꼭/MAG_하/VV,1
13,놀/VV_세요/VV,1
13,드/VV_바라/VV,1
13,드/VV_세요/VV,1
13,보/VV_세요/VV,1
13,빌/VV_세요/VV,1
13,오/VV_세요/VV,1
13,타/VV_세요/VV,1
13,하/VV_세요/VV,1
13,걸/VV_바라/VV,1
13,걸/VV_바라/VV,1
13,찾/VV_바라/VV,1
13,권하/VV_않/VX,-1
14,좋/VA_곳/NNG,1
14,뷰/NNP_좋/VA,1
14,깨끗/XR_좋/VA,1
14,좋/VA_절/NNG,1
14,시원/XR_좋/VA,1
14,좋/VA_가볍/VA,1
14,좋/VA_멋있/VA,1
14,거닐/VV_좋/VA,1
14,착하/VA_좋/VA,1
14,많/VA_들리/VV,1
14,머물/VV_좋/VA,1
14,잼/NNG_있/VA,1
14,놀/VV_적당/XR,1
14,좋/VA_한산/XR,1
14,절/NNG_좋/VA,1
14,보/VV_쏠쏠/XR,1
14,가시/VV_좋/VA,1
14,조용/XR_좋/VA,1
14,들리/VV_좋/VA,1
14,즐겁/VA_않/VX,-1
14,예쁘/VA_않/VX,-1
14,즐기/VV_않/VX,-1
14,쾌적/XR_않/VX,-1
14,이쁘/VA_않/VX,-1
14,깨끗/XR_않/VX,-1
14,복잡/XR_않/VX,1
14,나쁘/VA_않/VX,1
0,좋/VA_사/VV,1
0,파/VV_많/VA,1
1,싫/VA_먹/VV,-1
1,먹/VV_달/VV,0
2,먹/VV_많/VA,1
3,바가지요금/NNG,-1
3,싸/VA_않/VX,-1
4,싸/VA_먹/VV,1
4,먹/VV_싸/VA,1
7,길/VA_없/VA,-1
7,오/VV_쉽/VA,1
9,쉬/VV_좋/VA,1
14,가/VV_좋/VA,1
14,보/VV_좋/VA,1
14,놀/VV_좋/VA,1
14,좋/VA_보/VV,1
14,걷/VV_좋/VA,1
14,찍/VV_좋/VA,1
3,무료입장/NNG,1
7,교통지옥/NNG,-1
11,문화유산/NNG,1
12,안전장치/NNG,1
13,가보세요/NNG,1
14,안성맞춤/NNG,1
14,유유자적/NNG,1
14,풍광명미/NNG,1
14,명불허전/NNG,1
1,밥도둑/NNG,1
1,먹을만/NNG,1
3,바가지/NNG,-1
6,몰염치/NNG,-1
6,불친절/NNG,-1
6,비호감/NNG,-1
6,잡상인/NNG,-1
6,장사꾼/NNG,-1
6,장사치/NNG,-1
6,친절히/MAG,1
7,교통난/NNG,-1
9,릴렉스/NNP,1
9,망중한/NNG,1
11,문화재/NNG,1
12,이안류/NNG,-1
13,비추천/NNG,-1
14,감탄사/NNG,1
14,즐거움/NNG,1
14,아기자기/XR,1
14,아쉬움/NNG,-1
14,좋/VA_경관,1
0,폐업/NNG,-1
0,짝퉁/NNG,-1
0,위조/NNG,-1
1,꿀맛/NNG,1
1,먹음직/XR,1
1,풍미/NNG,1
1,맛집/NNG,1
1,먹방/NNG,1
1,먹을만/VA,1
1,별미/NNG,1
1,제맛/NNG,1
1,존맛/NNP,1
3,무료/NNG,1
3,저가/NNG,1
3,세일/NNG,1
3,공짜/NNG,1
3,할인/NNG,1
6,등쳐먹/VV,-1
6,사기/NNG,-1
6,심보/NNG,-1
6,욕설/NNG,-1
6,인심/NNG,1
6,친절/NNG,1
6,행패/NNG,-1
6,호객/NNG,-1
8,견인/NNG,-1
8,만차/NNP,-1
9,안락/NNG,1
9,고즈넉/XR,1
11,유물/NNG,1
12,안전/NNG,1
12,보호/NNG,1
12,안심/NNG,1
12,방역/NNG,1
12,위험/NNG,-1
12,조심/NNG,-1
12,사고/NNG,-1
12,대피/NNG,-1
13,가볼만/VA,1
13,강추/NNG,1
13,강추/NNG,1
13,비추/NNG,-1
13,추천/NNG,1
13,추천/NNP,1
14,위안/NNG,1
14,재미있/VA,1
14,기쁨/NNG,1
14,명소/NNG,1
14,만족/NNG,1
14,아름답/VA,1
14,장관/NNG,1
14,여가/NNG,1
14,매력/NNG,1
14,재밌/VA ,1
14,색다르/VA,1
14,권유/NNG,1
14,여유/NNG,1
14,힐링/NNG,1
14,감동/NNG,1
14,감탄/NNG,1
14,행복/NNG,1
14,실망/NNG,-1
14,후회/NNG,-1
14,정신없/VV,-1
1,맛있/VA,1
1,싱싱/XR,1
1,맛나/VA,1
1,맛나/VA,1
3,저렴/XR,1
3,비싸/VA,-1
3,렴/NNG,1
6,거만/XR,-1
6,싹싹/XR,1
7,밀리/VV,-1
12,무섭/VA,-1
13,권하/VV,1
14,즐겁/VA,1
14,즐기/VV,1
14,쾌적/XR,1
14,훌륭/XR,1
14,이쁘/VA,1
14,예쁘/VA,1
14,뜻깊/VA,1
14,복잡/XR,-1
3,싸/VA,1
3,싸/VV,1
